This is pdfTeX, Version 3.141592653-2.6-1.40.27 (TeX Live 2025) (preloaded format=pdflatex 2025.9.21)  22 MAY 2026 01:09
entering extended mode
 restricted \write18 enabled.
 %&-line parsing enabled.
**main.tex
(./main.tex
LaTeX2e <2024-11-01> patch level 2
L3 programming layer <2025-01-18>
! Undefined control sequence.
l.1 \chapter
            {Структуры}
? 

! LaTeX Error: Unicode character С (U+0421)
               not set up for use with LaTeX.

See the LaTeX manual or LaTeX Companion for explanation.
Type  H <return>  for immediate help.
 ...                                              
                                                  
l.1 \chapter{С
               труктуры}
? 

! LaTeX Error: Unicode character т (U+0442)
               not set up for use with LaTeX.

See the LaTeX manual or LaTeX Companion for explanation.
Type  H <return>  for immediate help.
 ...                                              
                                                  
l.1 \chapter{Ст
                 руктуры}
? 

! LaTeX Error: Unicode character р (U+0440)
               not set up for use with LaTeX.

See the LaTeX manual or LaTeX Companion for explanation.
Type  H <return>  for immediate help.
 ...                                              
                                                  
l.1 \chapter{Стр
                   уктуры}
? 

! LaTeX Error: Unicode character у (U+0443)
               not set up for use with LaTeX.

See the LaTeX manual or LaTeX Companion for explanation.
Type  H <return>  for immediate help.
 ...                                              
                                                  
l.1 \chapter{Стру
                     ктуры}
? 

! LaTeX Error: Unicode character к (U+043A)
               not set up for use with LaTeX.

See the LaTeX manual or LaTeX Companion for explanation.
Type  H <return>  for immediate help.
 ...                                              
                                                  
l.1 \chapter{Струк
                       туры}
? 

! LaTeX Error: Unicode character т (U+0442)
               not set up for use with LaTeX.

See the LaTeX manual or LaTeX Companion for explanation.
Type  H <return>  for immediate help.
 ...                                              
                                                  
l.1 \chapter{Структ
                         уры}
? 

! LaTeX Error: Unicode character у (U+0443)
               not set up for use with LaTeX.

See the LaTeX manual or LaTeX Companion for explanation.
Type  H <return>  for immediate help.
 ...                                              
                                                  
l.1 \chapter{Структу
                           ры}
? 

! LaTeX Error: Unicode character р (U+0440)
               not set up for use with LaTeX.

See the LaTeX manual or LaTeX Companion for explanation.
Type  H <return>  for immediate help.
 ...                                              
                                                  
l.1 \chapter{Структур
                             ы}
? 

! LaTeX Error: Unicode character ы (U+044B)
               not set up for use with LaTeX.

See the LaTeX manual or LaTeX Companion for explanation.
Type  H <return>  for immediate help.
 ...                                              
                                                  
l.1 \chapter{Структуры
                               }
? 
! Undefined control sequence.
l.3 \section
            {FILE и структура \_IO\_FILE}
? 

! LaTeX Error: Missing \begin{document}.

See the LaTeX manual or LaTeX Companion for explanation.
Type  H <return>  for immediate help.
 ...                                              
                                                  
l.3 \section{F
              ILE и структура \_IO\_FILE}
? 
Missing character: There is no F in font nullfont!
Missing character: There is no I in font nullfont!
Missing character: There is no L in font nullfont!
Missing character: There is no E in font nullfont!

! LaTeX Error: Unicode character и (U+0438)
               not set up for use with LaTeX.

See the LaTeX manual or LaTeX Companion for explanation.
Type  H <return>  for immediate help.
 ...                                              
                                                  
l.3 \section{FILE и
                     структура \_IO\_FILE}
? 

! LaTeX Error: Unicode character с (U+0441)
               not set up for use with LaTeX.

See the LaTeX manual or LaTeX Companion for explanation.
Type  H <return>  for immediate help.
 ...                                              
                                                  
l.3 \section{FILE и с
                       труктура \_IO\_FILE}
? 

! LaTeX Error: Unicode character т (U+0442)
               not set up for use with LaTeX.

See the LaTeX manual or LaTeX Companion for explanation.
Type  H <return>  for immediate help.
 ...                                              
                                                  
l.3 \section{FILE и ст
                         руктура \_IO\_FILE}
? 

! LaTeX Error: Unicode character р (U+0440)
               not set up for use with LaTeX.

See the LaTeX manual or LaTeX Companion for explanation.
Type  H <return>  for immediate help.
 ...                                              
                                                  
l.3 \section{FILE и стр
                           уктура \_IO\_FILE}
? 

! LaTeX Error: Unicode character у (U+0443)
               not set up for use with LaTeX.

See the LaTeX manual or LaTeX Companion for explanation.
Type  H <return>  for immediate help.
 ...                                              
                                                  
l.3 \section{FILE и стру
                             ктура \_IO\_FILE}
? 

! LaTeX Error: Unicode character к (U+043A)
               not set up for use with LaTeX.

See the LaTeX manual or LaTeX Companion for explanation.
Type  H <return>  for immediate help.
 ...                                              
                                                  
l.3 \section{FILE и струк
                               тура \_IO\_FILE}
? 

! LaTeX Error: Unicode character т (U+0442)
               not set up for use with LaTeX.

See the LaTeX manual or LaTeX Companion for explanation.
Type  H <return>  for immediate help.
 ...                                              
                                                  
l.3 \section{FILE и структ
                                 ура \_IO\_FILE}
? 

! LaTeX Error: Unicode character у (U+0443)
               not set up for use with LaTeX.

See the LaTeX manual or LaTeX Companion for explanation.
Type  H <return>  for immediate help.
 ...                                              
                                                  
l.3 \section{FILE и структу
                                   ра \_IO\_FILE}
? 

! LaTeX Error: Unicode character р (U+0440)
               not set up for use with LaTeX.

See the LaTeX manual or LaTeX Companion for explanation.
Type  H <return>  for immediate help.
 ...                                              
                                                  
l.3 \section{FILE и структур
                                     а \_IO\_FILE}
? 

! LaTeX Error: Unicode character а (U+0430)
               not set up for use with LaTeX.

See the LaTeX manual or LaTeX Companion for explanation.
Type  H <return>  for immediate help.
 ...                                              
                                                  
l.3 \section{FILE и структура
                                        \_IO\_FILE}
? 
Missing character: There is no I in font nullfont!
Missing character: There is no O in font nullfont!
Missing character: There is no F in font nullfont!
Missing character: There is no I in font nullfont!
Missing character: There is no L in font nullfont!
Missing character: There is no E in font nullfont!

Overfull \hbox (20.0pt too wide) in paragraph at lines 3--4
[]
 []


! LaTeX Error: Environment mylisting undefined.

See the LaTeX manual or LaTeX Companion for explanation.
Type  H <return>  for immediate help.
 ...                                              
                                                  
l.5 \begin{mylisting}
                     {FILE /libio/bits/types/FILE.h}{code:file}{C}
? 

! LaTeX Error: Missing \begin{document}.

See the LaTeX manual or LaTeX Companion for explanation.
Type  H <return>  for immediate help.
 ...                                              
                                                  
l.5 \begin{mylisting}{F
                       ILE /libio/bits/types/FILE.h}{code:file}{C}
? 
Missing character: There is no F in font nullfont!
Missing character: There is no I in font nullfont!
Missing character: There is no L in font nullfont!
Missing character: There is no E in font nullfont!
Missing character: There is no / in font nullfont!
Missing character: There is no l in font nullfont!
Missing character: There is no i in font nullfont!
Missing character: There is no b in font nullfont!
Missing character: There is no i in font nullfont!
Missing character: There is no o in font nullfont!
Missing character: There is no / in font nullfont!
Missing character: There is no b in font nullfont!
Missing character: There is no i in font nullfont!
Missing character: There is no t in font nullfont!
Missing character: There is no s in font nullfont!
Missing character: There is no / in font nullfont!
Missing character: There is no t in font nullfont!
Missing character: There is no y in font nullfont!
Missing character: There is no p in font nullfont!
Missing character: There is no e in font nullfont!
Missing character: There is no s in font nullfont!
Missing character: There is no / in font nullfont!
Missing character: There is no F in font nullfont!
Missing character: There is no I in font nullfont!
Missing character: There is no L in font nullfont!
Missing character: There is no E in font nullfont!
Missing character: There is no . in font nullfont!
Missing character: There is no h in font nullfont!
Missing character: There is no c in font nullfont!
Missing character: There is no o in font nullfont!
Missing character: There is no d in font nullfont!
Missing character: There is no e in font nullfont!
Missing character: There is no : in font nullfont!
Missing character: There is no f in font nullfont!
Missing character: There is no i in font nullfont!
Missing character: There is no l in font nullfont!
Missing character: There is no e in font nullfont!
Missing character: There is no C in font nullfont!
! You can't use `macro parameter character #' in horizontal mode.
l.6 #
     ifndef __FILE_defined
? 
Missing character: There is no i in font nullfont!
Missing character: There is no f in font nullfont!
Missing character: There is no n in font nullfont!
Missing character: There is no d in font nullfont!
Missing character: There is no e in font nullfont!
Missing character: There is no f in font nullfont!
! Missing $ inserted.
<inserted text> 
                $
l.6 #ifndef _
             _FILE_defined
? 
LaTeX Font Info:    External font `cmex10' loaded for size
(Font)              <7> on input line 6.
LaTeX Font Info:    External font `cmex10' loaded for size
(Font)              <5> on input line 6.
! Missing { inserted.
<to be read again> 
                   _
l.6 #ifndef __
              FILE_defined
? 
! You can't use `macro parameter character #' in math mode.
l.7 #
     define __FILE_defined 1
? 
! Missing { inserted.
<to be read again> 
                   _
l.7 #define __
              FILE_defined 1
? 
! You can't use `macro parameter character #' in math mode.
l.11 #
      endif
? 

! LaTeX Error: \begin{document} ended by \end{mylisting}.

See the LaTeX manual or LaTeX Companion for explanation.
Type  H <return>  for immediate help.
 ...                                              
                                                  
l.12 \end{mylisting}
                    
? 
! Missing } inserted.
<inserted text> 
                }
l.12 \end{mylisting}
                    
? 
! Missing } inserted.
<inserted text> 
                }
l.12 \end{mylisting}
                    
? 
! Missing $ inserted.
<inserted text> 
                $
l.12 \end{mylisting}
                    
? 

Overfull \hbox (20.0pt too wide) in paragraph at lines 5--13
[]
 []


Overfull \hbox (500.1753pt too wide) in paragraph at lines 5--13
[]$ 
 []


! LaTeX Error: Environment mylisting undefined.

See the LaTeX manual or LaTeX Companion for explanation.
Type  H <return>  for immediate help.
 ...                                              
                                                  
l.14 \begin{mylisting}
                      {\_IO\_FILE /libio/bits/types/struct\_FILE.h}{code:iof...

? 

! LaTeX Error: Missing \begin{document}.

See the LaTeX manual or LaTeX Companion for explanation.
Type  H <return>  for immediate help.
 ...                                              
                                                  
l.14 \begin{mylisting}{\_
                         IO\_FILE /libio/bits/types/struct\_FILE.h}{code:iof...

? 
Missing character: There is no I in font nullfont!
Missing character: There is no O in font nullfont!
Missing character: There is no F in font nullfont!
Missing character: There is no I in font nullfont!
Missing character: There is no L in font nullfont!
Missing character: There is no E in font nullfont!
Missing character: There is no / in font nullfont!
Missing character: There is no l in font nullfont!
Missing character: There is no i in font nullfont!
Missing character: There is no b in font nullfont!
Missing character: There is no i in font nullfont!
Missing character: There is no o in font nullfont!
Missing character: There is no / in font nullfont!
Missing character: There is no b in font nullfont!
Missing character: There is no i in font nullfont!
Missing character: There is no t in font nullfont!
Missing character: There is no s in font nullfont!
Missing character: There is no / in font nullfont!
Missing character: There is no t in font nullfont!
Missing character: There is no y in font nullfont!
Missing character: There is no p in font nullfont!
Missing character: There is no e in font nullfont!
Missing character: There is no s in font nullfont!
Missing character: There is no / in font nullfont!
Missing character: There is no s in font nullfont!
Missing character: There is no t in font nullfont!
Missing character: There is no r in font nullfont!
Missing character: There is no u in font nullfont!
Missing character: There is no c in font nullfont!
Missing character: There is no t in font nullfont!
Missing character: There is no F in font nullfont!
Missing character: There is no I in font nullfont!
Missing character: There is no L in font nullfont!
Missing character: There is no E in font nullfont!
Missing character: There is no . in font nullfont!
Missing character: There is no h in font nullfont!
Missing character: There is no c in font nullfont!
Missing character: There is no o in font nullfont!
Missing character: There is no d in font nullfont!
Missing character: There is no e in font nullfont!
Missing character: There is no : in font nullfont!
Missing character: There is no i in font nullfont!
Missing character: There is no o in font nullfont!
Missing character: There is no f in font nullfont!
Missing character: There is no i in font nullfont!
Missing character: There is no l in font nullfont!
Missing character: There is no e in font nullfont!
Missing character: There is no C in font nullfont!
Missing character: There is no s in font nullfont!
Missing character: There is no t in font nullfont!
Missing character: There is no r in font nullfont!
Missing character: There is no u in font nullfont!
Missing character: There is no c in font nullfont!
Missing character: There is no t in font nullfont!
! Missing $ inserted.
<inserted text> 
                $
l.15 struct _
             IO_FILE
? 
! Missing $ inserted.
<inserted text> 
                $
l.18 	
      
? 
! Missing } inserted.
<inserted text> 
                }
l.18 	
      
? 

Overfull \hbox (20.0pt too wide) in paragraph at lines 14--18
[][][]
 []


Overfull \hbox (305.88998pt too wide) in paragraph at lines 14--18
[]\OML/cmm/m/it/10 O[]ILE[]$ 
 []


! LaTeX Error: Missing \begin{document}.

See the LaTeX manual or LaTeX Companion for explanation.
Type  H <return>  for immediate help.
 ...                                              
                                                  
l.19 	/
       * The following pointers correspond to the C++ streambuf protocol. */
? 
Missing character: There is no / in font nullfont!
Missing character: There is no * in font nullfont!
Missing character: There is no T in font nullfont!
Missing character: There is no h in font nullfont!
Missing character: There is no e in font nullfont!
Missing character: There is no f in font nullfont!
Missing character: There is no o in font nullfont!
Missing character: There is no l in font nullfont!
Missing character: There is no l in font nullfont!
Missing character: There is no o in font nullfont!
Missing character: There is no w in font nullfont!
Missing character: There is no i in font nullfont!
Missing character: There is no n in font nullfont!
Missing character: There is no g in font nullfont!
Missing character: There is no p in font nullfont!
Missing character: There is no o in font nullfont!
Missing character: There is no i in font nullfont!
Missing character: There is no n in font nullfont!
Missing character: There is no t in font nullfont!
Missing character: There is no e in font nullfont!
Missing character: There is no r in font nullfont!
Missing character: There is no s in font nullfont!
Missing character: There is no c in font nullfont!
Missing character: There is no o in font nullfont!
Missing character: There is no r in font nullfont!
Missing character: There is no r in font nullfont!
Missing character: There is no e in font nullfont!
Missing character: There is no s in font nullfont!
Missing character: There is no p in font nullfont!
Missing character: There is no o in font nullfont!
Missing character: There is no n in font nullfont!
Missing character: There is no d in font nullfont!
Missing character: There is no t in font nullfont!
Missing character: There is no o in font nullfont!
Missing character: There is no t in font nullfont!
Missing character: There is no h in font nullfont!
Missing character: There is no e in font nullfont!
Missing character: There is no C in font nullfont!
Missing character: There is no + in font nullfont!
Missing character: There is no + in font nullfont!
Missing character: There is no s in font nullfont!
Missing character: There is no t in font nullfont!
Missing character: There is no r in font nullfont!
Missing character: There is no e in font nullfont!
Missing character: There is no a in font nullfont!
Missing character: There is no m in font nullfont!
Missing character: There is no b in font nullfont!
Missing character: There is no u in font nullfont!
Missing character: There is no f in font nullfont!
Missing character: There is no p in font nullfont!
Missing character: There is no r in font nullfont!
Missing character: There is no o in font nullfont!
Missing character: There is no t in font nullfont!
Missing character: There is no o in font nullfont!
Missing character: There is no c in font nullfont!
Missing character: There is no o in font nullfont!
Missing character: There is no l in font nullfont!
Missing character: There is no . in font nullfont!
Missing character: There is no * in font nullfont!
Missing character: There is no / in font nullfont!
Missing character: There is no c in font nullfont!
Missing character: There is no h in font nullfont!
Missing character: There is no a in font nullfont!
Missing character: There is no r in font nullfont!
Missing character: There is no * in font nullfont!
! Missing $ inserted.
<inserted text> 
                $
l.20 	char *_
             IO_read_ptr;	/* Current read pointer */
? 
! Missing $ inserted.
<inserted text> 
                $
l.28 	
      
? 

Overfull \hbox (20.0pt too wide) in paragraph at lines 19--28
[]
 []


Overfull \hbox (59.25851pt too wide) in paragraph at lines 19--28
[]\OML/cmm/m/it/10 O[]ead[]tr\OT1/cmr/m/n/10 ; \OML/cmm/m/it/10 = \OMS/cmsy/m/n
/10 ^^C
 []


Overfull \hbox (94.75464pt too wide) in paragraph at lines 19--28
\OML/cmm/m/it/10 Currentreadpointer \OMS/cmsy/m/n/10 ^^C
 []


Overfull \hbox (34.75264pt too wide) in paragraph at lines 19--28
\OML/cmm/m/it/10 =char \OMS/cmsy/m/n/10 ^^C[]
 []


Overfull \hbox (57.1488pt too wide) in paragraph at lines 19--28
\OML/cmm/m/it/10 O[]ead[]nd\OT1/cmr/m/n/10 ; \OML/cmm/m/it/10 = \OMS/cmsy/m/n/1
0 ^^C
 []


Overfull \hbox (71.17607pt too wide) in paragraph at lines 19--28
\OML/cmm/m/it/10 Endofgetarea: \OMS/cmsy/m/n/10 ^^C
 []


Overfull \hbox (34.75264pt too wide) in paragraph at lines 19--28
\OML/cmm/m/it/10 =char \OMS/cmsy/m/n/10 ^^C[]
 []


Overfull \hbox (60.2938pt too wide) in paragraph at lines 19--28
\OML/cmm/m/it/10 O[]ead[]ase\OT1/cmr/m/n/10 ; \OML/cmm/m/it/10 = \OMS/cmsy/m/n/
10 ^^C
 []


Overfull \hbox (76.39598pt too wide) in paragraph at lines 19--28
\OML/cmm/m/it/10 Startofputback \OT1/cmr/m/n/10 +
 []


Overfull \hbox (41.19106pt too wide) in paragraph at lines 19--28
\OML/cmm/m/it/10 getarea: \OMS/cmsy/m/n/10 ^^C
 []


Overfull \hbox (34.75264pt too wide) in paragraph at lines 19--28
\OML/cmm/m/it/10 =char \OMS/cmsy/m/n/10 ^^C[]
 []


Overfull \hbox (63.6938pt too wide) in paragraph at lines 19--28
\OML/cmm/m/it/10 O[]rite[]ase\OT1/cmr/m/n/10 ; \OML/cmm/m/it/10 = \OMS/cmsy/m/n
/10 ^^C
 []


Overfull \hbox (76.98744pt too wide) in paragraph at lines 19--28
\OML/cmm/m/it/10 Startofputarea: \OMS/cmsy/m/n/10 ^^C
 []


Overfull \hbox (34.75264pt too wide) in paragraph at lines 19--28
\OML/cmm/m/it/10 =char \OMS/cmsy/m/n/10 ^^C[]
 []


Overfull \hbox (58.07031pt too wide) in paragraph at lines 19--28
\OML/cmm/m/it/10 O[]rite[]tr\OT1/cmr/m/n/10 ; \OML/cmm/m/it/10 = \OMS/cmsy/m/n/
10 ^^C
 []


Overfull \hbox (91.40742pt too wide) in paragraph at lines 19--28
\OML/cmm/m/it/10 Currentputpointer: \OMS/cmsy/m/n/10 ^^C
 []


Overfull \hbox (34.75264pt too wide) in paragraph at lines 19--28
\OML/cmm/m/it/10 =char \OMS/cmsy/m/n/10 ^^C[]
 []


Overfull \hbox (60.54881pt too wide) in paragraph at lines 19--28
\OML/cmm/m/it/10 O[]rite[]nd\OT1/cmr/m/n/10 ; \OML/cmm/m/it/10 = \OMS/cmsy/m/n/
10 ^^C
 []


Overfull \hbox (72.14717pt too wide) in paragraph at lines 19--28
\OML/cmm/m/it/10 Endofputarea: \OMS/cmsy/m/n/10 ^^C
 []


Overfull \hbox (34.75264pt too wide) in paragraph at lines 19--28
\OML/cmm/m/it/10 =char \OMS/cmsy/m/n/10 ^^C[]
 []


Overfull \hbox (55.35562pt too wide) in paragraph at lines 19--28
\OML/cmm/m/it/10 O[]uf[]ase\OT1/cmr/m/n/10 ; \OML/cmm/m/it/10 = \OMS/cmsy/m/n/1
0 ^^C
 []


Overfull \hbox (96.06154pt too wide) in paragraph at lines 19--28
\OML/cmm/m/it/10 Startofreservearea: \OMS/cmsy/m/n/10 ^^C
 []


Overfull \hbox (34.75264pt too wide) in paragraph at lines 19--28
\OML/cmm/m/it/10 =char \OMS/cmsy/m/n/10 ^^C[]
 []


Overfull \hbox (52.21063pt too wide) in paragraph at lines 19--28
\OML/cmm/m/it/10 O[]uf[]nd\OT1/cmr/m/n/10 ; \OML/cmm/m/it/10 = \OMS/cmsy/m/n/10
 ^^C
 []


Overfull \hbox (91.22127pt too wide) in paragraph at lines 19--28
\OML/cmm/m/it/10 Endofreservearea: \OMS/cmsy/m/n/10 ^^C
 []


Overfull \hbox (5.00002pt too wide) in paragraph at lines 19--28
\OML/cmm/m/it/10 =$ 
 []


! LaTeX Error: Missing \begin{document}.

See the LaTeX manual or LaTeX Companion for explanation.
Type  H <return>  for immediate help.
 ...                                              
                                                  
l.29 	/
       * The following fields are used to support backing up and undo. */
? 
Missing character: There is no / in font nullfont!
Missing character: There is no * in font nullfont!
Missing character: There is no T in font nullfont!
Missing character: There is no h in font nullfont!
Missing character: There is no e in font nullfont!
Missing character: There is no f in font nullfont!
Missing character: There is no o in font nullfont!
Missing character: There is no l in font nullfont!
Missing character: There is no l in font nullfont!
Missing character: There is no o in font nullfont!
Missing character: There is no w in font nullfont!
Missing character: There is no i in font nullfont!
Missing character: There is no n in font nullfont!
Missing character: There is no g in font nullfont!
Missing character: There is no f in font nullfont!
Missing character: There is no i in font nullfont!
Missing character: There is no e in font nullfont!
Missing character: There is no l in font nullfont!
Missing character: There is no d in font nullfont!
Missing character: There is no s in font nullfont!
Missing character: There is no a in font nullfont!
Missing character: There is no r in font nullfont!
Missing character: There is no e in font nullfont!
Missing character: There is no u in font nullfont!
Missing character: There is no s in font nullfont!
Missing character: There is no e in font nullfont!
Missing character: There is no d in font nullfont!
Missing character: There is no t in font nullfont!
Missing character: There is no o in font nullfont!
Missing character: There is no s in font nullfont!
Missing character: There is no u in font nullfont!
Missing character: There is no p in font nullfont!
Missing character: There is no p in font nullfont!
Missing character: There is no o in font nullfont!
Missing character: There is no r in font nullfont!
Missing character: There is no t in font nullfont!
Missing character: There is no b in font nullfont!
Missing character: There is no a in font nullfont!
Missing character: There is no c in font nullfont!
Missing character: There is no k in font nullfont!
Missing character: There is no i in font nullfont!
Missing character: There is no n in font nullfont!
Missing character: There is no g in font nullfont!
Missing character: There is no u in font nullfont!
Missing character: There is no p in font nullfont!
Missing character: There is no a in font nullfont!
Missing character: There is no n in font nullfont!
Missing character: There is no d in font nullfont!
Missing character: There is no u in font nullfont!
Missing character: There is no n in font nullfont!
Missing character: There is no d in font nullfont!
Missing character: There is no o in font nullfont!
Missing character: There is no . in font nullfont!
Missing character: There is no * in font nullfont!
Missing character: There is no / in font nullfont!
Missing character: There is no c in font nullfont!
Missing character: There is no h in font nullfont!
Missing character: There is no a in font nullfont!
Missing character: There is no r in font nullfont!
Missing character: There is no * in font nullfont!
! Missing $ inserted.
<inserted text> 
                $
l.30 	char *_
             IO_save_base; /* Pointer to start of non-current get area. */
? 
! Missing $ inserted.
<inserted text> 
                $
l.33 	
      
? 

Overfull \hbox (20.0pt too wide) in paragraph at lines 29--33
[]
 []


Overfull \hbox (64.72922pt too wide) in paragraph at lines 29--33
[]\OML/cmm/m/it/10 O[]ave[]ase\OT1/cmr/m/n/10 ; \OML/cmm/m/it/10 = \OMS/cmsy/m/
n/10 ^^C
 []


Overfull \hbox (101.05304pt too wide) in paragraph at lines 29--33
\OML/cmm/m/it/10 Pointertostartofnon \OMS/cmsy/m/n/10 ^^@
 []


Overfull \hbox (75.09166pt too wide) in paragraph at lines 29--33
\OML/cmm/m/it/10 currentgetarea: \OMS/cmsy/m/n/10 ^^C
 []


Overfull \hbox (34.75264pt too wide) in paragraph at lines 29--33
\OML/cmm/m/it/10 =char \OMS/cmsy/m/n/10 ^^C[]
 []


Overfull \hbox (70.6253pt too wide) in paragraph at lines 29--33
\OML/cmm/m/it/10 O[]ackup[]ase\OT1/cmr/m/n/10 ; \OML/cmm/m/it/10 = \OMS/cmsy/m/
n/10 ^^C
 []


Overfull \hbox (197.29996pt too wide) in paragraph at lines 29--33
\OML/cmm/m/it/10 Pointertofirstvalidcharacterofbackuparea \OMS/cmsy/m/n/10 ^^C
 []


Overfull \hbox (34.75264pt too wide) in paragraph at lines 29--33
\OML/cmm/m/it/10 =char \OMS/cmsy/m/n/10 ^^C[]
 []


Overfull \hbox (56.99602pt too wide) in paragraph at lines 29--33
\OML/cmm/m/it/10 O[]ave[]nd\OT1/cmr/m/n/10 ; \OML/cmm/m/it/10 = \OMS/cmsy/m/n/1
0 ^^C
 []


Overfull \hbox (94.93153pt too wide) in paragraph at lines 29--33
\OML/cmm/m/it/10 Pointertoendofnon \OMS/cmsy/m/n/10 ^^@
 []


Overfull \hbox (75.09166pt too wide) in paragraph at lines 29--33
\OML/cmm/m/it/10 currentgetarea: \OMS/cmsy/m/n/10 ^^C
 []


Overfull \hbox (5.00002pt too wide) in paragraph at lines 29--33
\OML/cmm/m/it/10 =$ 
 []


! LaTeX Error: Missing \begin{document}.

See the LaTeX manual or LaTeX Companion for explanation.
Type  H <return>  for immediate help.
 ...                                              
                                                  
l.34 	s
       truct _IO_marker *_markers;
? 
Missing character: There is no s in font nullfont!
Missing character: There is no t in font nullfont!
Missing character: There is no r in font nullfont!
Missing character: There is no u in font nullfont!
Missing character: There is no c in font nullfont!
Missing character: There is no t in font nullfont!
! Missing $ inserted.
<inserted text> 
                $
l.34 	struct _
              IO_marker *_markers;
? 
! Missing $ inserted.
<inserted text> 
                $
l.35 	
      
? 

Overfull \hbox (20.0pt too wide) in paragraph at lines 34--35
[]
 []


Overfull \hbox (57.44995pt too wide) in paragraph at lines 34--35
[]\OML/cmm/m/it/10 O[]arker \OMS/cmsy/m/n/10 ^^C[]
 []


Overfull \hbox (32.50702pt too wide) in paragraph at lines 34--35
\OML/cmm/m/it/10 arkers\OT1/cmr/m/n/10 ;$ 
 []


! LaTeX Error: Missing \begin{document}.

See the LaTeX manual or LaTeX Companion for explanation.
Type  H <return>  for immediate help.
 ...                                              
                                                  
l.36 	s
       truct _IO_FILE *_chain;
? 
Missing character: There is no s in font nullfont!
Missing character: There is no t in font nullfont!
Missing character: There is no r in font nullfont!
Missing character: There is no u in font nullfont!
Missing character: There is no c in font nullfont!
Missing character: There is no t in font nullfont!
! Missing $ inserted.
<inserted text> 
                $
l.36 	struct _
              IO_FILE *_chain;
? 
! Missing $ inserted.
<inserted text> 
                $
l.37 	
      
? 

Overfull \hbox (20.0pt too wide) in paragraph at lines 36--37
[]
 []


Overfull \hbox (47.88211pt too wide) in paragraph at lines 36--37
[]\OML/cmm/m/it/10 O[]ILE \OMS/cmsy/m/n/10 ^^C[]
 []


Overfull \hbox (23.27274pt too wide) in paragraph at lines 36--37
\OML/cmm/m/it/10 hain\OT1/cmr/m/n/10 ;$ 
 []


! LaTeX Error: Missing \begin{document}.

See the LaTeX manual or LaTeX Companion for explanation.
Type  H <return>  for immediate help.
 ...                                              
                                                  
l.38 	i
       nt _fileno;
? 
Missing character: There is no i in font nullfont!
Missing character: There is no n in font nullfont!
Missing character: There is no t in font nullfont!
! Missing $ inserted.
<inserted text> 
                $
l.38 	int _
           fileno;
? 
! Missing { inserted.
<to be read again> 
                   _
l.42 	__
        off_t _old_offset; /* This used to be _offset but it's too small.  */
? 
! Double subscript.
l.42 	__off_t _
               old_offset; /* This used to be _offset but it's too small.  */
? 
! Missing $ inserted.
<inserted text> 
                $
l.43 	
      
? 
! Missing } inserted.
<inserted text> 
                }
l.43 	
      
? 

Overfull \hbox (20.0pt too wide) in paragraph at lines 38--43
[]
 []


Overfull \hbox (78.84065pt too wide) in paragraph at lines 38--43
[]\OML/cmm/m/it/10 ileno\OT1/cmr/m/n/10 ; \OML/cmm/m/it/10 int[]lags\OT1/cmr/m/
n/10 2 :
 []


Overfull \hbox (24.44447pt too wide) in paragraph at lines 38--43
\OT1/cmr/m/n/10 24; \OML/cmm/m/it/10 = \OMS/cmsy/m/n/10 ^^C
 []


Overfull \hbox (235.96436pt too wide) in paragraph at lines 38--43
\OML/cmm/m/it/10 Fallbackbuffertousewhenmallocfailstoallocateone: \OMS/cmsy/m/n
/10 ^^C
 []


Overfull \hbox (306.21173pt too wide) in paragraph at lines 38--43
\OML/cmm/m/it/10 =char[]hort[]ackupbuf\OT1/cmr/m/n/10 [1];[]$ 
 []


! LaTeX Error: Missing \begin{document}.

See the LaTeX manual or LaTeX Companion for explanation.
Type  H <return>  for immediate help.
 ...                                              
                                                  
l.44 	/
       * 1+column number of pbase(); 0 is unknown. */
? 
Missing character: There is no / in font nullfont!
Missing character: There is no * in font nullfont!
Missing character: There is no 1 in font nullfont!
Missing character: There is no + in font nullfont!
Missing character: There is no c in font nullfont!
Missing character: There is no o in font nullfont!
Missing character: There is no l in font nullfont!
Missing character: There is no u in font nullfont!
Missing character: There is no m in font nullfont!
Missing character: There is no n in font nullfont!
Missing character: There is no n in font nullfont!
Missing character: There is no u in font nullfont!
Missing character: There is no m in font nullfont!
Missing character: There is no b in font nullfont!
Missing character: There is no e in font nullfont!
Missing character: There is no r in font nullfont!
Missing character: There is no o in font nullfont!
Missing character: There is no f in font nullfont!
Missing character: There is no p in font nullfont!
Missing character: There is no b in font nullfont!
Missing character: There is no a in font nullfont!
Missing character: There is no s in font nullfont!
Missing character: There is no e in font nullfont!
Missing character: There is no ( in font nullfont!
Missing character: There is no ) in font nullfont!
Missing character: There is no ; in font nullfont!
Missing character: There is no 0 in font nullfont!
Missing character: There is no i in font nullfont!
Missing character: There is no s in font nullfont!
Missing character: There is no u in font nullfont!
Missing character: There is no n in font nullfont!
Missing character: There is no k in font nullfont!
Missing character: There is no n in font nullfont!
Missing character: There is no o in font nullfont!
Missing character: There is no w in font nullfont!
Missing character: There is no n in font nullfont!
Missing character: There is no . in font nullfont!
Missing character: There is no * in font nullfont!
Missing character: There is no / in font nullfont!
Missing character: There is no u in font nullfont!
Missing character: There is no n in font nullfont!
Missing character: There is no s in font nullfont!
Missing character: There is no i in font nullfont!
Missing character: There is no g in font nullfont!
Missing character: There is no n in font nullfont!
Missing character: There is no e in font nullfont!
Missing character: There is no d in font nullfont!
Missing character: There is no s in font nullfont!
Missing character: There is no h in font nullfont!
Missing character: There is no o in font nullfont!
Missing character: There is no r in font nullfont!
Missing character: There is no t in font nullfont!
! Missing $ inserted.
<inserted text> 
                $
l.45 	unsigned short _
                      cur_column;
? 
! Missing $ inserted.
<inserted text> 
                $
l.48 	
      
? 

Overfull \hbox (20.0pt too wide) in paragraph at lines 44--48
[]
 []


Overfull \hbox (232.43393pt too wide) in paragraph at lines 44--48
[]\OML/cmm/m/it/10 ur[]olumn\OT1/cmr/m/n/10 ; \OML/cmm/m/it/10 signedchar[]tabl
e[]ffset\OT1/cmr/m/n/10 ; \OML/cmm/m/it/10 char[]hortbuf\OT1/cmr/m/n/10 [1];$ 
 []

! Missing $ inserted.
<inserted text> 
                $
l.49 	_
       IO_lock_t *_lock;
? 

! LaTeX Error: Missing \begin{document}.

See the LaTeX manual or LaTeX Companion for explanation.
Type  H <return>  for immediate help.
 ...                                              
                                                  
l.49 	_
       IO_lock_t *_lock;
? 
! You can't use `macro parameter character #' in math mode.
l.50 	#
       ifdef _IO_USE_OLD_IO_FILE
? 
! Extra }, or forgotten $.
l.51 }
      ;
? 
! Missing $ inserted.
<inserted text> 
                $
l.52 
     
? 

Overfull \hbox (61.25658pt too wide) in paragraph at lines 49--52
[]$[]\OML/cmm/m/it/10 O[]ock[] \OMS/cmsy/m/n/10 ^^C[]
 []


Overfull \hbox (139.78748pt too wide) in paragraph at lines 49--52
\OML/cmm/m/it/10 ock\OT1/cmr/m/n/10 ; \OML/cmm/m/it/10 ifdef[]O[]SE[]LD[]O[]ILE
\OT1/cmr/m/n/10 ;$ 
 []


! LaTeX Error: Missing \begin{document}.

See the LaTeX manual or LaTeX Companion for explanation.
Type  H <return>  for immediate help.
 ...                                              
                                                  
l.53 s
      truct _IO_FILE_complete
? 
Missing character: There is no s in font nullfont!
Missing character: There is no t in font nullfont!
Missing character: There is no r in font nullfont!
Missing character: There is no u in font nullfont!
Missing character: There is no c in font nullfont!
Missing character: There is no t in font nullfont!
! Missing $ inserted.
<inserted text> 
                $
l.53 struct _
             IO_FILE_complete
? 
! You can't use `macro parameter character #' in math mode.
l.56 	#
       endif
? 
! Missing { inserted.
<to be read again> 
                   _
l.57 	__
        off64_t _offset;
? 
! Double subscript.
l.57 	__off64_t _
                 offset;
? 
! You can't use `macro parameter character #' in math mode.
l.65 	#
       if __WORDSIZE == 64
? 
! Missing { inserted.
<to be read again> 
                   _
l.65 	#if __
            WORDSIZE == 64
? 
! You can't use `macro parameter character #' in math mode.
l.67 	#
       endif
? 
! Missing { inserted.
<to be read again> 
                   _
l.68 	__
        uint64_t _total_written;
? 
! Double subscript.
l.68 	__uint64_t _
                  total_written;
? 
! You can't use `macro parameter character #' in math mode.
l.69 	#
       if __WORDSIZE == 32
? 
! Missing { inserted.
<to be read again> 
                   _
l.69 	#if __
            WORDSIZE == 32
? 
! You can't use `macro parameter character #' in math mode.
l.71 	#
       endif
? 

! LaTeX Error: \begin{document} ended by \end{mylisting}.

See the LaTeX manual or LaTeX Companion for explanation.
Type  H <return>  for immediate help.
 ...                                              
                                                  
l.75 \end{mylisting}
                    
? 
! Missing } inserted.
<inserted text> 
                }
l.75 \end{mylisting}
                    
? 
! Missing } inserted.
<inserted text> 
                }
l.75 \end{mylisting}
                    
? 
! Missing } inserted.
<inserted text> 
                }
l.75 \end{mylisting}
                    
? 
! Missing } inserted.
<inserted text> 
                }
l.75 \end{mylisting}
                    
? 
! Missing $ inserted.
<inserted text> 
                $
l.75 \end{mylisting}
                    
? 

Overfull \hbox (20.0pt too wide) in paragraph at lines 53--76
[]
 []


Overfull \hbox (1455.08719pt too wide) in paragraph at lines 53--76
[]\OML/cmm/m/it/10 O[]ILE[]omplete[]$ 
 []

! Undefined control sequence.
l.77 \section
             {Структура stat}
? 

! LaTeX Error: Unicode character С (U+0421)
               not set up for use with LaTeX.

See the LaTeX manual or LaTeX Companion for explanation.
Type  H <return>  for immediate help.
 ...                                              
                                                  
l.77 \section{С
                труктура stat}
? 

! LaTeX Error: Unicode character т (U+0442)
               not set up for use with LaTeX.

See the LaTeX manual or LaTeX Companion for explanation.
Type  H <return>  for immediate help.
 ...                                              
                                                  
l.77 \section{Ст
                  руктура stat}
? 

! LaTeX Error: Unicode character р (U+0440)
               not set up for use with LaTeX.

See the LaTeX manual or LaTeX Companion for explanation.
Type  H <return>  for immediate help.
 ...                                              
                                                  
l.77 \section{Стр
                    уктура stat}
? 

! LaTeX Error: Unicode character у (U+0443)
               not set up for use with LaTeX.

See the LaTeX manual or LaTeX Companion for explanation.
Type  H <return>  for immediate help.
 ...                                              
                                                  
l.77 \section{Стру
                      ктура stat}
? 

! LaTeX Error: Unicode character к (U+043A)
               not set up for use with LaTeX.

See the LaTeX manual or LaTeX Companion for explanation.
Type  H <return>  for immediate help.
 ...                                              
                                                  
l.77 \section{Струк
                        тура stat}
? 

! LaTeX Error: Unicode character т (U+0442)
               not set up for use with LaTeX.

See the LaTeX manual or LaTeX Companion for explanation.
Type  H <return>  for immediate help.
 ...                                              
                                                  
l.77 \section{Структ
                          ура stat}
? 

! LaTeX Error: Unicode character у (U+0443)
               not set up for use with LaTeX.

See the LaTeX manual or LaTeX Companion for explanation.
Type  H <return>  for immediate help.
 ...                                              
                                                  
l.77 \section{Структу
                            ра stat}
? 

! LaTeX Error: Unicode character р (U+0440)
               not set up for use with LaTeX.

See the LaTeX manual or LaTeX Companion for explanation.
Type  H <return>  for immediate help.
 ...                                              
                                                  
l.77 \section{Структур
                              а stat}
? 

! LaTeX Error: Unicode character а (U+0430)
               not set up for use with LaTeX.

See the LaTeX manual or LaTeX Companion for explanation.
Type  H <return>  for immediate help.
 ...                                              
                                                  
l.77 \section{Структура
                                 stat}
? 

! LaTeX Error: Missing \begin{document}.

See the LaTeX manual or LaTeX Companion for explanation.
Type  H <return>  for immediate help.
 ...                                              
                                                  
l.77 \section{Структура s
                                  tat}
? 
Missing character: There is no s in font nullfont!
Missing character: There is no t in font nullfont!
Missing character: There is no a in font nullfont!
Missing character: There is no t in font nullfont!

Overfull \hbox (20.0pt too wide) in paragraph at lines 77--78
[] 
 []


! LaTeX Error: Environment mylisting undefined.

See the LaTeX manual or LaTeX Companion for explanation.
Type  H <return>  for immediate help.
 ...                                              
                                                  
l.80 \begin{mylisting}
                      {struct stat}{code:stat}{C}
? 

! LaTeX Error: Missing \begin{document}.

See the LaTeX manual or LaTeX Companion for explanation.
Type  H <return>  for immediate help.
 ...                                              
                                                  
l.80 \begin{mylisting}{s
                        truct stat}{code:stat}{C}
? 
Missing character: There is no s in font nullfont!
Missing character: There is no t in font nullfont!
Missing character: There is no r in font nullfont!
Missing character: There is no u in font nullfont!
Missing character: There is no c in font nullfont!
Missing character: There is no t in font nullfont!
Missing character: There is no s in font nullfont!
Missing character: There is no t in font nullfont!
Missing character: There is no a in font nullfont!
Missing character: There is no t in font nullfont!
Missing character: There is no c in font nullfont!
Missing character: There is no o in font nullfont!
Missing character: There is no d in font nullfont!
Missing character: There is no e in font nullfont!
Missing character: There is no : in font nullfont!
Missing character: There is no s in font nullfont!
Missing character: There is no t in font nullfont!
Missing character: There is no a in font nullfont!
Missing character: There is no t in font nullfont!
Missing character: There is no C in font nullfont!
Missing character: There is no s in font nullfont!
Missing character: There is no t in font nullfont!
Missing character: There is no r in font nullfont!
Missing character: There is no u in font nullfont!
Missing character: There is no c in font nullfont!
Missing character: There is no t in font nullfont!
Missing character: There is no s in font nullfont!
Missing character: There is no t in font nullfont!
Missing character: There is no a in font nullfont!
Missing character: There is no t in font nullfont!
Missing character: There is no d in font nullfont!
Missing character: There is no e in font nullfont!
Missing character: There is no v in font nullfont!
! Missing $ inserted.
<inserted text> 
                $
l.82 	dev_
          t     st_dev;     /* устройство */
? 

! LaTeX Error: Unicode character у (U+0443)
               not set up for use with LaTeX.

See the LaTeX manual or LaTeX Companion for explanation.
Type  H <return>  for immediate help.
 ...                                              
                                                  
l.82 	dev_t     st_dev;     /* у
                                 стройство */
? 

! LaTeX Error: Unicode character с (U+0441)
               not set up for use with LaTeX.

See the LaTeX manual or LaTeX Companion for explanation.
Type  H <return>  for immediate help.
 ...                                              
                                                  
l.82 	dev_t     st_dev;     /* ус
                                   тройство */
? 

! LaTeX Error: Unicode character т (U+0442)
               not set up for use with LaTeX.

See the LaTeX manual or LaTeX Companion for explanation.
Type  H <return>  for immediate help.
 ...                                              
                                                  
l.82 	dev_t     st_dev;     /* уст
                                     ройство */
? 

! LaTeX Error: Unicode character р (U+0440)
               not set up for use with LaTeX.

See the LaTeX manual or LaTeX Companion for explanation.
Type  H <return>  for immediate help.
 ...                                              
                                                  
l.82 	dev_t     st_dev;     /* устр
                                       ойство */
? 

! LaTeX Error: Unicode character о (U+043E)
               not set up for use with LaTeX.

See the LaTeX manual or LaTeX Companion for explanation.
Type  H <return>  for immediate help.
 ...                                              
                                                  
l.82 	dev_t     st_dev;     /* устро
                                         йство */
? 

! LaTeX Error: Unicode character й (U+0439)
               not set up for use with LaTeX.

See the LaTeX manual or LaTeX Companion for explanation.
Type  H <return>  for immediate help.
 ...                                              
                                                  
l.82 	dev_t     st_dev;     /* устрой
                                           ство */
? 

! LaTeX Error: Unicode character с (U+0441)
               not set up for use with LaTeX.

See the LaTeX manual or LaTeX Companion for explanation.
Type  H <return>  for immediate help.
 ...                                              
                                                  
l.82 	dev_t     st_dev;     /* устройс
                                             тво */
? 

! LaTeX Error: Unicode character т (U+0442)
               not set up for use with LaTeX.

See the LaTeX manual or LaTeX Companion for explanation.
Type  H <return>  for immediate help.
 ...                                              
                                                  
l.82 	dev_t     st_dev;     /* устройст
                                               во */
? 

! LaTeX Error: Unicode character в (U+0432)
               not set up for use with LaTeX.

See the LaTeX manual or LaTeX Companion for explanation.
Type  H <return>  for immediate help.
 ...                                              
                                                  
l.82 	dev_t     st_dev;     /* устройств
                                                 о */
? 

! LaTeX Error: Unicode character о (U+043E)
               not set up for use with LaTeX.

See the LaTeX manual or LaTeX Companion for explanation.
Type  H <return>  for immediate help.
 ...                                              
                                                  
l.82 ..._t     st_dev;     /* устройство
                                                   */
? 

! LaTeX Error: Unicode character р (U+0440)
               not set up for use with LaTeX.

See the LaTeX manual or LaTeX Companion for explanation.
Type  H <return>  for immediate help.
 ...                                              
                                                  
l.84 	mode_t    st_mode;    /* р
                                 ежим доступа */
? 

! LaTeX Error: Unicode character е (U+0435)
               not set up for use with LaTeX.

See the LaTeX manual or LaTeX Companion for explanation.
Type  H <return>  for immediate help.
 ...                                              
                                                  
l.84 	mode_t    st_mode;    /* ре
                                   жим доступа */
? 

! LaTeX Error: Unicode character ж (U+0436)
               not set up for use with LaTeX.

See the LaTeX manual or LaTeX Companion for explanation.
Type  H <return>  for immediate help.
 ...                                              
                                                  
l.84 	mode_t    st_mode;    /* реж
                                     им доступа */
? 

! LaTeX Error: Unicode character и (U+0438)
               not set up for use with LaTeX.

See the LaTeX manual or LaTeX Companion for explanation.
Type  H <return>  for immediate help.
 ...                                              
                                                  
l.84 	mode_t    st_mode;    /* режи
                                       м доступа */
? 

! LaTeX Error: Unicode character м (U+043C)
               not set up for use with LaTeX.

See the LaTeX manual or LaTeX Companion for explanation.
Type  H <return>  for immediate help.
 ...                                              
                                                  
l.84 	mode_t    st_mode;    /* режим
                                          доступа */
? 

! LaTeX Error: Unicode character д (U+0434)
               not set up for use with LaTeX.

See the LaTeX manual or LaTeX Companion for explanation.
Type  H <return>  for immediate help.
 ...                                              
                                                  
l.84 	mode_t    st_mode;    /* режим д
                                            оступа */
? 

! LaTeX Error: Unicode character о (U+043E)
               not set up for use with LaTeX.

See the LaTeX manual or LaTeX Companion for explanation.
Type  H <return>  for immediate help.
 ...                                              
                                                  
l.84 	mode_t    st_mode;    /* режим до
                                              ступа */
? 

! LaTeX Error: Unicode character с (U+0441)
               not set up for use with LaTeX.

See the LaTeX manual or LaTeX Companion for explanation.
Type  H <return>  for immediate help.
 ...                                              
                                                  
l.84 	mode_t    st_mode;    /* режим дос
                                                тупа */
? 

! LaTeX Error: Unicode character т (U+0442)
               not set up for use with LaTeX.

See the LaTeX manual or LaTeX Companion for explanation.
Type  H <return>  for immediate help.
 ...                                              
                                                  
l.84 	mode_t    st_mode;    /* режим дост
                                                  упа */
? 

! LaTeX Error: Unicode character у (U+0443)
               not set up for use with LaTeX.

See the LaTeX manual or LaTeX Companion for explanation.
Type  H <return>  for immediate help.
 ...                                              
                                                  
l.84 ..._t    st_mode;    /* режим досту
                                                  па */
? 

! LaTeX Error: Unicode character п (U+043F)
               not set up for use with LaTeX.

See the LaTeX manual or LaTeX Companion for explanation.
Type  H <return>  for immediate help.
 ...                                              
                                                  
l.84 ...    st_mode;    /* режим доступ
                                                  а */
? 

! LaTeX Error: Unicode character а (U+0430)
               not set up for use with LaTeX.

See the LaTeX manual or LaTeX Companion for explanation.
Type  H <return>  for immediate help.
 ...                                              
                                                  
l.84 ...  st_mode;    /* режим доступа
                                                   */
? 

! LaTeX Error: Unicode character к (U+043A)
               not set up for use with LaTeX.

See the LaTeX manual or LaTeX Companion for explanation.
Type  H <return>  for immediate help.
 ...                                              
                                                  
l.85 	nlink_t   st_nlink;   /* к
                                 оличество жестких ссыл�...

? 

! LaTeX Error: Unicode character о (U+043E)
               not set up for use with LaTeX.

See the LaTeX manual or LaTeX Companion for explanation.
Type  H <return>  for immediate help.
 ...                                              
                                                  
l.85 	nlink_t   st_nlink;   /* ко
                                   личество жестких ссыл�...

? 

! LaTeX Error: Unicode character л (U+043B)
               not set up for use with LaTeX.

See the LaTeX manual or LaTeX Companion for explanation.
Type  H <return>  for immediate help.
 ...                                              
                                                  
l.85 	nlink_t   st_nlink;   /* кол
                                     ичество жестких ссыл�...

? 

! LaTeX Error: Unicode character и (U+0438)
               not set up for use with LaTeX.

See the LaTeX manual or LaTeX Companion for explanation.
Type  H <return>  for immediate help.
 ...                                              
                                                  
l.85 	nlink_t   st_nlink;   /* коли
                                       чество жестких ссыл�...

? 

! LaTeX Error: Unicode character ч (U+0447)
               not set up for use with LaTeX.

See the LaTeX manual or LaTeX Companion for explanation.
Type  H <return>  for immediate help.
 ...                                              
                                                  
l.85 	nlink_t   st_nlink;   /* колич
                                         ество жестких ссыл�...

? 

! LaTeX Error: Unicode character е (U+0435)
               not set up for use with LaTeX.

See the LaTeX manual or LaTeX Companion for explanation.
Type  H <return>  for immediate help.
 ...                                              
                                                  
l.85 	nlink_t   st_nlink;   /* количе
                                           ство жестких ссыл�...

? 

! LaTeX Error: Unicode character с (U+0441)
               not set up for use with LaTeX.

See the LaTeX manual or LaTeX Companion for explanation.
Type  H <return>  for immediate help.
 ...                                              
                                                  
l.85 	nlink_t   st_nlink;   /* количес
                                             тво жестких ссыл�...

? 

! LaTeX Error: Unicode character т (U+0442)
               not set up for use with LaTeX.

See the LaTeX manual or LaTeX Companion for explanation.
Type  H <return>  for immediate help.
 ...                                              
                                                  
l.85 	nlink_t   st_nlink;   /* количест
                                               во жестких ссыл�...

? 

! LaTeX Error: Unicode character в (U+0432)
               not set up for use with LaTeX.

See the LaTeX manual or LaTeX Companion for explanation.
Type  H <return>  for immediate help.
 ...                                              
                                                  
l.85 	nlink_t   st_nlink;   /* количеств
                                                 о жестких ссыл�...

? 

! LaTeX Error: Unicode character о (U+043E)
               not set up for use with LaTeX.

See the LaTeX manual or LaTeX Companion for explanation.
Type  H <return>  for immediate help.
 ...                                              
                                                  
l.85 ...nk_t   st_nlink;   /* количество
                                                   жестких ссыло...

? 

! LaTeX Error: Unicode character ж (U+0436)
               not set up for use with LaTeX.

See the LaTeX manual or LaTeX Companion for explanation.
Type  H <return>  for immediate help.
 ...                                              
                                                  
l.85 ...t   st_nlink;   /* количество ж
                                                  естких ссылок */
? 

! LaTeX Error: Unicode character е (U+0435)
               not set up for use with LaTeX.

See the LaTeX manual or LaTeX Companion for explanation.
Type  H <return>  for immediate help.
 ...                                              
                                                  
l.85 ...  st_nlink;   /* количество же
                                                  стких ссылок */
? 

! LaTeX Error: Unicode character с (U+0441)
               not set up for use with LaTeX.

See the LaTeX manual or LaTeX Companion for explanation.
Type  H <return>  for immediate help.
 ...                                              
                                                  
l.85 ...st_nlink;   /* количество жес
                                                  тких ссылок */
? 

! LaTeX Error: Unicode character т (U+0442)
               not set up for use with LaTeX.

See the LaTeX manual or LaTeX Companion for explanation.
Type  H <return>  for immediate help.
 ...                                              
                                                  
l.85 ..._nlink;   /* количество жест
                                                  ких ссылок */
? 

! LaTeX Error: Unicode character к (U+043A)
               not set up for use with LaTeX.

See the LaTeX manual or LaTeX Companion for explanation.
Type  H <return>  for immediate help.
 ...                                              
                                                  
l.85 ...link;   /* количество жестк
                                                  их ссылок */
? 

! LaTeX Error: Unicode character и (U+0438)
               not set up for use with LaTeX.

See the LaTeX manual or LaTeX Companion for explanation.
Type  H <return>  for immediate help.
 ...                                              
                                                  
l.85 ...nk;   /* количество жестки
                                                  х ссылок */
? 

! LaTeX Error: Unicode character х (U+0445)
               not set up for use with LaTeX.

See the LaTeX manual or LaTeX Companion for explanation.
Type  H <return>  for immediate help.
 ...                                              
                                                  
l.85 ...;   /* количество жестких
                                                   ссылок */
? 

! LaTeX Error: Unicode character с (U+0441)
               not set up for use with LaTeX.

See the LaTeX manual or LaTeX Companion for explanation.
Type  H <return>  for immediate help.
 ...                                              
                                                  
l.85 ... /* количество жестких с
                                                  сылок */
? 

! LaTeX Error: Unicode character с (U+0441)
               not set up for use with LaTeX.

See the LaTeX manual or LaTeX Companion for explanation.
Type  H <return>  for immediate help.
 ...                                              
                                                  
l.85 ...* количество жестких сс
                                                  ылок */
? 

! LaTeX Error: Unicode character ы (U+044B)
               not set up for use with LaTeX.

See the LaTeX manual or LaTeX Companion for explanation.
Type  H <return>  for immediate help.
 ...                                              
                                                  
l.85 ...количество жестких ссы
                                                  лок */
? 

! LaTeX Error: Unicode character л (U+043B)
               not set up for use with LaTeX.

See the LaTeX manual or LaTeX Companion for explanation.
Type  H <return>  for immediate help.
 ...                                              
                                                  
l.85 ...оличество жестких ссыл
                                                  ок */
? 

! LaTeX Error: Unicode character о (U+043E)
               not set up for use with LaTeX.

See the LaTeX manual or LaTeX Companion for explanation.
Type  H <return>  for immediate help.
 ...                                              
                                                  
l.85 ...личество жестких ссыло
                                                  к */
? 

! LaTeX Error: Unicode character к (U+043A)
               not set up for use with LaTeX.

See the LaTeX manual or LaTeX Companion for explanation.
Type  H <return>  for immediate help.
 ...                                              
                                                  
l.85 ...ичество жестких ссылок
                                                   */
? 

! LaTeX Error: Unicode character и (U+0438)
               not set up for use with LaTeX.

See the LaTeX manual or LaTeX Companion for explanation.
Type  H <return>  for immediate help.
 ...                                              
                                                  
l.86 	uid_t     st_uid;     /* и
                                 дентификатор пользоват...

? 

! LaTeX Error: Unicode character д (U+0434)
               not set up for use with LaTeX.

See the LaTeX manual or LaTeX Companion for explanation.
Type  H <return>  for immediate help.
 ...                                              
                                                  
l.86 	uid_t     st_uid;     /* ид
                                   ентификатор пользоват...

? 

! LaTeX Error: Unicode character е (U+0435)
               not set up for use with LaTeX.

See the LaTeX manual or LaTeX Companion for explanation.
Type  H <return>  for immediate help.
 ...                                              
                                                  
l.86 	uid_t     st_uid;     /* иде
                                     нтификатор пользоват...

? 

! LaTeX Error: Unicode character н (U+043D)
               not set up for use with LaTeX.

See the LaTeX manual or LaTeX Companion for explanation.
Type  H <return>  for immediate help.
 ...                                              
                                                  
l.86 	uid_t     st_uid;     /* иден
                                       тификатор пользоват...

? 

! LaTeX Error: Unicode character т (U+0442)
               not set up for use with LaTeX.

See the LaTeX manual or LaTeX Companion for explanation.
Type  H <return>  for immediate help.
 ...                                              
                                                  
l.86 	uid_t     st_uid;     /* идент
                                         ификатор пользоват...

? 

! LaTeX Error: Unicode character и (U+0438)
               not set up for use with LaTeX.

See the LaTeX manual or LaTeX Companion for explanation.
Type  H <return>  for immediate help.
 ...                                              
                                                  
l.86 	uid_t     st_uid;     /* иденти
                                           фикатор пользоват...

? 

! LaTeX Error: Unicode character ф (U+0444)
               not set up for use with LaTeX.

See the LaTeX manual or LaTeX Companion for explanation.
Type  H <return>  for immediate help.
 ...                                              
                                                  
l.86 	uid_t     st_uid;     /* идентиф
                                             икатор пользоват...

? 

! LaTeX Error: Unicode character и (U+0438)
               not set up for use with LaTeX.

See the LaTeX manual or LaTeX Companion for explanation.
Type  H <return>  for immediate help.
 ...                                              
                                                  
l.86 	uid_t     st_uid;     /* идентифи
                                               катор пользоват...

? 

! LaTeX Error: Unicode character к (U+043A)
               not set up for use with LaTeX.

See the LaTeX manual or LaTeX Companion for explanation.
Type  H <return>  for immediate help.
 ...                                              
                                                  
l.86 	uid_t     st_uid;     /* идентифик
                                                 атор пользоват...

? 

! LaTeX Error: Unicode character а (U+0430)
               not set up for use with LaTeX.

See the LaTeX manual or LaTeX Companion for explanation.
Type  H <return>  for immediate help.
 ...                                              
                                                  
l.86 ..._t     st_uid;     /* идентифика
                                                  тор пользоват�...

? 

! LaTeX Error: Unicode character т (U+0442)
               not set up for use with LaTeX.

See the LaTeX manual or LaTeX Companion for explanation.
Type  H <return>  for immediate help.
 ...                                              
                                                  
l.86 ...     st_uid;     /* идентификат
                                                  ор пользовате�...

? 

! LaTeX Error: Unicode character о (U+043E)
               not set up for use with LaTeX.

See the LaTeX manual or LaTeX Companion for explanation.
Type  H <return>  for immediate help.
 ...                                              
                                                  
l.86 ...   st_uid;     /* идентификато
                                                  р пользовател�...

? 

! LaTeX Error: Unicode character р (U+0440)
               not set up for use with LaTeX.

See the LaTeX manual or LaTeX Companion for explanation.
Type  H <return>  for immediate help.
 ...                                              
                                                  
l.86 ... st_uid;     /* идентификатор
                                                   пользователя-...

? 

! LaTeX Error: Unicode character п (U+043F)
               not set up for use with LaTeX.

See the LaTeX manual or LaTeX Companion for explanation.
Type  H <return>  for immediate help.
 ...                                              
                                                  
l.86 ..._uid;     /* идентификатор п
                                                  ользователя-в�...

? 

! LaTeX Error: Unicode character о (U+043E)
               not set up for use with LaTeX.

See the LaTeX manual or LaTeX Companion for explanation.
Type  H <return>  for immediate help.
 ...                                              
                                                  
l.86 ...id;     /* идентификатор по
                                                  льзователя-вл�...

? 

! LaTeX Error: Unicode character л (U+043B)
               not set up for use with LaTeX.

See the LaTeX manual or LaTeX Companion for explanation.
Type  H <return>  for immediate help.
 ...                                              
                                                  
l.86 ...;     /* идентификатор пол
                                                  ьзователя-вла�...

? 

! LaTeX Error: Unicode character ь (U+044C)
               not set up for use with LaTeX.

See the LaTeX manual or LaTeX Companion for explanation.
Type  H <return>  for immediate help.
 ...                                              
                                                  
l.86 ...    /* идентификатор поль
                                                  зователя-влад�...

? 

! LaTeX Error: Unicode character з (U+0437)
               not set up for use with LaTeX.

See the LaTeX manual or LaTeX Companion for explanation.
Type  H <return>  for immediate help.
 ...                                              
                                                  
l.86 ...  /* идентификатор польз
                                                  ователя-владе�...

? 

! LaTeX Error: Unicode character о (U+043E)
               not set up for use with LaTeX.

See the LaTeX manual or LaTeX Companion for explanation.
Type  H <return>  for immediate help.
 ...                                              
                                                  
l.86 .../* идентификатор пользо
                                                  вателя-владел�...

? 

! LaTeX Error: Unicode character в (U+0432)
               not set up for use with LaTeX.

See the LaTeX manual or LaTeX Companion for explanation.
Type  H <return>  for immediate help.
 ...                                              
                                                  
l.86 ... идентификатор пользов
                                                  ателя-владель�...

? 

! LaTeX Error: Unicode character а (U+0430)
               not set up for use with LaTeX.

See the LaTeX manual or LaTeX Companion for explanation.
Type  H <return>  for immediate help.
 ...                                              
                                                  
l.86 ...�дентификатор пользова
                                                  теля-владельц�...

? 

! LaTeX Error: Unicode character т (U+0442)
               not set up for use with LaTeX.

See the LaTeX manual or LaTeX Companion for explanation.
Type  H <return>  for immediate help.
 ...                                              
                                                  
l.86 ...�ентификатор пользоват
                                                  еля-владельца */
? 

! LaTeX Error: Unicode character е (U+0435)
               not set up for use with LaTeX.

See the LaTeX manual or LaTeX Companion for explanation.
Type  H <return>  for immediate help.
 ...                                              
                                                  
l.86 ...�нтификатор пользовате
                                                  ля-владельца */
? 

! LaTeX Error: Unicode character л (U+043B)
               not set up for use with LaTeX.

See the LaTeX manual or LaTeX Companion for explanation.
Type  H <return>  for immediate help.
 ...                                              
                                                  
l.86 ...�тификатор пользовател
                                                  я-владельца */
? 

! LaTeX Error: Unicode character я (U+044F)
               not set up for use with LaTeX.

See the LaTeX manual or LaTeX Companion for explanation.
Type  H <return>  for immediate help.
 ...                                              
                                                  
l.86 ...�ификатор пользователя
                                                  -владельца */
? 

! LaTeX Error: Unicode character в (U+0432)
               not set up for use with LaTeX.

See the LaTeX manual or LaTeX Companion for explanation.
Type  H <return>  for immediate help.
 ...                                              
                                                  
l.86 ...фикатор пользователя-в
                                                  ладельца */
? 

! LaTeX Error: Unicode character л (U+043B)
               not set up for use with LaTeX.

See the LaTeX manual or LaTeX Companion for explanation.
Type  H <return>  for immediate help.
 ...                                              
                                                  
l.86 ...икатор пользователя-вл
                                                  адельца */
? 

! LaTeX Error: Unicode character а (U+0430)
               not set up for use with LaTeX.

See the LaTeX manual or LaTeX Companion for explanation.
Type  H <return>  for immediate help.
 ...                                              
                                                  
l.86 ...катор пользователя-вла
                                                  дельца */
? 

! LaTeX Error: Unicode character д (U+0434)
               not set up for use with LaTeX.

See the LaTeX manual or LaTeX Companion for explanation.
Type  H <return>  for immediate help.
 ...                                              
                                                  
l.86 ...атор пользователя-влад
                                                  ельца */
? 

! LaTeX Error: Unicode character е (U+0435)
               not set up for use with LaTeX.

See the LaTeX manual or LaTeX Companion for explanation.
Type  H <return>  for immediate help.
 ...                                              
                                                  
l.86 ...тор пользователя-владе
                                                  льца */
? 

! LaTeX Error: Unicode character л (U+043B)
               not set up for use with LaTeX.

See the LaTeX manual or LaTeX Companion for explanation.
Type  H <return>  for immediate help.
 ...                                              
                                                  
l.86 ...ор пользователя-владел
                                                  ьца */
? 

! LaTeX Error: Unicode character ь (U+044C)
               not set up for use with LaTeX.

See the LaTeX manual or LaTeX Companion for explanation.
Type  H <return>  for immediate help.
 ...                                              
                                                  
l.86 ...р пользователя-владель
                                                  ца */
? 

! LaTeX Error: Unicode character ц (U+0446)
               not set up for use with LaTeX.

See the LaTeX manual or LaTeX Companion for explanation.
Type  H <return>  for immediate help.
 ...                                              
                                                  
l.86 ... пользователя-владельц
                                                  а */
? 

! LaTeX Error: Unicode character а (U+0430)
               not set up for use with LaTeX.

See the LaTeX manual or LaTeX Companion for explanation.
Type  H <return>  for immediate help.
 ...                                              
                                                  
l.86 ...�ользователя-владельца
                                                   */
? 

! LaTeX Error: Unicode character и (U+0438)
               not set up for use with LaTeX.

See the LaTeX manual or LaTeX Companion for explanation.
Type  H <return>  for immediate help.
 ...                                              
                                                  
l.87 	gid_t     st_gid;     /* и
                                 дентификатор группы-вл�...

? 

! LaTeX Error: Unicode character д (U+0434)
               not set up for use with LaTeX.

See the LaTeX manual or LaTeX Companion for explanation.
Type  H <return>  for immediate help.
 ...                                              
                                                  
l.87 	gid_t     st_gid;     /* ид
                                   ентификатор группы-вл�...

? 

! LaTeX Error: Unicode character е (U+0435)
               not set up for use with LaTeX.

See the LaTeX manual or LaTeX Companion for explanation.
Type  H <return>  for immediate help.
 ...                                              
                                                  
l.87 	gid_t     st_gid;     /* иде
                                     нтификатор группы-вл�...

? 

! LaTeX Error: Unicode character н (U+043D)
               not set up for use with LaTeX.

See the LaTeX manual or LaTeX Companion for explanation.
Type  H <return>  for immediate help.
 ...                                              
                                                  
l.87 	gid_t     st_gid;     /* иден
                                       тификатор группы-вл�...

? 

! LaTeX Error: Unicode character т (U+0442)
               not set up for use with LaTeX.

See the LaTeX manual or LaTeX Companion for explanation.
Type  H <return>  for immediate help.
 ...                                              
                                                  
l.87 	gid_t     st_gid;     /* идент
                                         ификатор группы-вл�...

? 

! LaTeX Error: Unicode character и (U+0438)
               not set up for use with LaTeX.

See the LaTeX manual or LaTeX Companion for explanation.
Type  H <return>  for immediate help.
 ...                                              
                                                  
l.87 	gid_t     st_gid;     /* иденти
                                           фикатор группы-вл�...

? 

! LaTeX Error: Unicode character ф (U+0444)
               not set up for use with LaTeX.

See the LaTeX manual or LaTeX Companion for explanation.
Type  H <return>  for immediate help.
 ...                                              
                                                  
l.87 	gid_t     st_gid;     /* идентиф
                                             икатор группы-вл�...

? 

! LaTeX Error: Unicode character и (U+0438)
               not set up for use with LaTeX.

See the LaTeX manual or LaTeX Companion for explanation.
Type  H <return>  for immediate help.
 ...                                              
                                                  
l.87 	gid_t     st_gid;     /* идентифи
                                               катор группы-вл�...

? 

! LaTeX Error: Unicode character к (U+043A)
               not set up for use with LaTeX.

See the LaTeX manual or LaTeX Companion for explanation.
Type  H <return>  for immediate help.
 ...                                              
                                                  
l.87 	gid_t     st_gid;     /* идентифик
                                                 атор группы-вл�...

? 

! LaTeX Error: Unicode character а (U+0430)
               not set up for use with LaTeX.

See the LaTeX manual or LaTeX Companion for explanation.
Type  H <return>  for immediate help.
 ...                                              
                                                  
l.87 ..._t     st_gid;     /* идентифика
                                                  тор группы-вла...

? 

! LaTeX Error: Unicode character т (U+0442)
               not set up for use with LaTeX.

See the LaTeX manual or LaTeX Companion for explanation.
Type  H <return>  for immediate help.
 ...                                              
                                                  
l.87 ...     st_gid;     /* идентификат
                                                  ор группы-влад...

? 

! LaTeX Error: Unicode character о (U+043E)
               not set up for use with LaTeX.

See the LaTeX manual or LaTeX Companion for explanation.
Type  H <return>  for immediate help.
 ...                                              
                                                  
l.87 ...   st_gid;     /* идентификато
                                                  р группы-владе...

? 

! LaTeX Error: Unicode character р (U+0440)
               not set up for use with LaTeX.

See the LaTeX manual or LaTeX Companion for explanation.
Type  H <return>  for immediate help.
 ...                                              
                                                  
l.87 ... st_gid;     /* идентификатор
                                                   группы-владел...

? 

! LaTeX Error: Unicode character г (U+0433)
               not set up for use with LaTeX.

See the LaTeX manual or LaTeX Companion for explanation.
Type  H <return>  for immediate help.
 ...                                              
                                                  
l.87 ..._gid;     /* идентификатор г
                                                  руппы-владель�...

? 

! LaTeX Error: Unicode character р (U+0440)
               not set up for use with LaTeX.

See the LaTeX manual or LaTeX Companion for explanation.
Type  H <return>  for immediate help.
 ...                                              
                                                  
l.87 ...id;     /* идентификатор гр
                                                  уппы-владельц�...

? 

! LaTeX Error: Unicode character у (U+0443)
               not set up for use with LaTeX.

See the LaTeX manual or LaTeX Companion for explanation.
Type  H <return>  for immediate help.
 ...                                              
                                                  
l.87 ...;     /* идентификатор гру
                                                  ппы-владельца */
? 

! LaTeX Error: Unicode character п (U+043F)
               not set up for use with LaTeX.

See the LaTeX manual or LaTeX Companion for explanation.
Type  H <return>  for immediate help.
 ...                                              
                                                  
l.87 ...    /* идентификатор груп
                                                  пы-владельца */
? 

! LaTeX Error: Unicode character п (U+043F)
               not set up for use with LaTeX.

See the LaTeX manual or LaTeX Companion for explanation.
Type  H <return>  for immediate help.
 ...                                              
                                                  
l.87 ...  /* идентификатор групп
                                                  ы-владельца */
? 

! LaTeX Error: Unicode character ы (U+044B)
               not set up for use with LaTeX.

See the LaTeX manual or LaTeX Companion for explanation.
Type  H <return>  for immediate help.
 ...                                              
                                                  
l.87 .../* идентификатор группы
                                                  -владельца */
? 

! LaTeX Error: Unicode character в (U+0432)
               not set up for use with LaTeX.

See the LaTeX manual or LaTeX Companion for explanation.
Type  H <return>  for immediate help.
 ...                                              
                                                  
l.87 ...идентификатор группы-в
                                                  ладельца */
? 

! LaTeX Error: Unicode character л (U+043B)
               not set up for use with LaTeX.

See the LaTeX manual or LaTeX Companion for explanation.
Type  H <return>  for immediate help.
 ...                                              
                                                  
l.87 ...дентификатор группы-вл
                                                  адельца */
? 

! LaTeX Error: Unicode character а (U+0430)
               not set up for use with LaTeX.

See the LaTeX manual or LaTeX Companion for explanation.
Type  H <return>  for immediate help.
 ...                                              
                                                  
l.87 ...ентификатор группы-вла
                                                  дельца */
? 

! LaTeX Error: Unicode character д (U+0434)
               not set up for use with LaTeX.

See the LaTeX manual or LaTeX Companion for explanation.
Type  H <return>  for immediate help.
 ...                                              
                                                  
l.87 ...нтификатор группы-влад
                                                  ельца */
? 

! LaTeX Error: Unicode character е (U+0435)
               not set up for use with LaTeX.

See the LaTeX manual or LaTeX Companion for explanation.
Type  H <return>  for immediate help.
 ...                                              
                                                  
l.87 ...тификатор группы-владе
                                                  льца */
? 

! LaTeX Error: Unicode character л (U+043B)
               not set up for use with LaTeX.

See the LaTeX manual or LaTeX Companion for explanation.
Type  H <return>  for immediate help.
 ...                                              
                                                  
l.87 ...ификатор группы-владел
                                                  ьца */
? 

! LaTeX Error: Unicode character ь (U+044C)
               not set up for use with LaTeX.

See the LaTeX manual or LaTeX Companion for explanation.
Type  H <return>  for immediate help.
 ...                                              
                                                  
l.87 ...фикатор группы-владель
                                                  ца */
? 

! LaTeX Error: Unicode character ц (U+0446)
               not set up for use with LaTeX.

See the LaTeX manual or LaTeX Companion for explanation.
Type  H <return>  for immediate help.
 ...                                              
                                                  
l.87 ...икатор группы-владельц
                                                  а */
? 

! LaTeX Error: Unicode character а (U+0430)
               not set up for use with LaTeX.

See the LaTeX manual or LaTeX Companion for explanation.
Type  H <return>  for immediate help.
 ...                                              
                                                  
l.87 ...катор группы-владельца
                                                   */
? 

! LaTeX Error: Unicode character т (U+0442)
               not set up for use with LaTeX.

See the LaTeX manual or LaTeX Companion for explanation.
Type  H <return>  for immediate help.
 ...                                              
                                                  
l.88 	dev_t     st_rdev;    /* т
                                 ип устройства (если это ...

? 

! LaTeX Error: Unicode character и (U+0438)
               not set up for use with LaTeX.

See the LaTeX manual or LaTeX Companion for explanation.
Type  H <return>  for immediate help.
 ...                                              
                                                  
l.88 	dev_t     st_rdev;    /* ти
                                   п устройства (если это ...

? 

! LaTeX Error: Unicode character п (U+043F)
               not set up for use with LaTeX.

See the LaTeX manual or LaTeX Companion for explanation.
Type  H <return>  for immediate help.
 ...                                              
                                                  
l.88 	dev_t     st_rdev;    /* тип
                                      устройства (если это ...

? 

! LaTeX Error: Unicode character у (U+0443)
               not set up for use with LaTeX.

See the LaTeX manual or LaTeX Companion for explanation.
Type  H <return>  for immediate help.
 ...                                              
                                                  
l.88 	dev_t     st_rdev;    /* тип у
                                        стройства (если это ...

? 

! LaTeX Error: Unicode character с (U+0441)
               not set up for use with LaTeX.

See the LaTeX manual or LaTeX Companion for explanation.
Type  H <return>  for immediate help.
 ...                                              
                                                  
l.88 	dev_t     st_rdev;    /* тип ус
                                          тройства (если это ...

? 

! LaTeX Error: Unicode character т (U+0442)
               not set up for use with LaTeX.

See the LaTeX manual or LaTeX Companion for explanation.
Type  H <return>  for immediate help.
 ...                                              
                                                  
l.88 	dev_t     st_rdev;    /* тип уст
                                            ройства (если это ...

? 

! LaTeX Error: Unicode character р (U+0440)
               not set up for use with LaTeX.

See the LaTeX manual or LaTeX Companion for explanation.
Type  H <return>  for immediate help.
 ...                                              
                                                  
l.88 	dev_t     st_rdev;    /* тип устр
                                              ойства (если это ...

? 

! LaTeX Error: Unicode character о (U+043E)
               not set up for use with LaTeX.

See the LaTeX manual or LaTeX Companion for explanation.
Type  H <return>  for immediate help.
 ...                                              
                                                  
l.88 	dev_t     st_rdev;    /* тип устро
                                                йства (если это ...

? 

! LaTeX Error: Unicode character й (U+0439)
               not set up for use with LaTeX.

See the LaTeX manual or LaTeX Companion for explanation.
Type  H <return>  for immediate help.
 ...                                              
                                                  
l.88 	dev_t     st_rdev;    /* тип устрой
                                                  ства (если это ...

? 

! LaTeX Error: Unicode character с (U+0441)
               not set up for use with LaTeX.

See the LaTeX manual or LaTeX Companion for explanation.
Type  H <return>  for immediate help.
 ...                                              
                                                  
l.88 ...t     st_rdev;    /* тип устройс
                                                  тва (если это у...

? 

! LaTeX Error: Unicode character т (U+0442)
               not set up for use with LaTeX.

See the LaTeX manual or LaTeX Companion for explanation.
Type  H <return>  for immediate help.
 ...                                              
                                                  
l.88 ...    st_rdev;    /* тип устройст
                                                  ва (если это ус...

? 

! LaTeX Error: Unicode character в (U+0432)
               not set up for use with LaTeX.

See the LaTeX manual or LaTeX Companion for explanation.
Type  H <return>  for immediate help.
 ...                                              
                                                  
l.88 ...  st_rdev;    /* тип устройств
                                                  а (если это уст...

? 

! LaTeX Error: Unicode character а (U+0430)
               not set up for use with LaTeX.

See the LaTeX manual or LaTeX Companion for explanation.
Type  H <return>  for immediate help.
 ...                                              
                                                  
l.88 ...st_rdev;    /* тип устройства
                                                   (если это устр...

? 

! LaTeX Error: Unicode character е (U+0435)
               not set up for use with LaTeX.

See the LaTeX manual or LaTeX Companion for explanation.
Type  H <return>  for immediate help.
 ...                                              
                                                  
l.88 ...dev;    /* тип устройства (е
                                                  сли это устрой...

? 

! LaTeX Error: Unicode character с (U+0441)
               not set up for use with LaTeX.

See the LaTeX manual or LaTeX Companion for explanation.
Type  H <return>  for immediate help.
 ...                                              
                                                  
l.88 ...v;    /* тип устройства (ес
                                                  ли это устройс...

? 

! LaTeX Error: Unicode character л (U+043B)
               not set up for use with LaTeX.

See the LaTeX manual or LaTeX Companion for explanation.
Type  H <return>  for immediate help.
 ...                                              
                                                  
l.88 ...    /* тип устройства (есл
                                                  и это устройст...

? 

! LaTeX Error: Unicode character и (U+0438)
               not set up for use with LaTeX.

See the LaTeX manual or LaTeX Companion for explanation.
Type  H <return>  for immediate help.
 ...                                              
                                                  
l.88 ...  /* тип устройства (если
                                                   это устройств...

? 

! LaTeX Error: Unicode character э (U+044D)
               not set up for use with LaTeX.

See the LaTeX manual or LaTeX Companion for explanation.
Type  H <return>  for immediate help.
 ...                                              
                                                  
l.88 ...* тип устройства (если э
                                                  то устройство)*/
? 

! LaTeX Error: Unicode character т (U+0442)
               not set up for use with LaTeX.

See the LaTeX manual or LaTeX Companion for explanation.
Type  H <return>  for immediate help.
 ...                                              
                                                  
l.88 ...тип устройства (если эт
                                                  о устройство)*/
? 

! LaTeX Error: Unicode character о (U+043E)
               not set up for use with LaTeX.

See the LaTeX manual or LaTeX Companion for explanation.
Type  H <return>  for immediate help.
 ...                                              
                                                  
l.88 ...ип устройства (если это
                                                   устройство)*/
? 

! LaTeX Error: Unicode character у (U+0443)
               not set up for use with LaTeX.

See the LaTeX manual or LaTeX Companion for explanation.
Type  H <return>  for immediate help.
 ...                                              
                                                  
l.88 ...� устройства (если это у
                                                  стройство)*/
? 

! LaTeX Error: Unicode character с (U+0441)
               not set up for use with LaTeX.

See the LaTeX manual or LaTeX Companion for explanation.
Type  H <return>  for immediate help.
 ...                                              
                                                  
l.88 ...устройства (если это ус
                                                  тройство)*/
? 

! LaTeX Error: Unicode character т (U+0442)
               not set up for use with LaTeX.

See the LaTeX manual or LaTeX Companion for explanation.
Type  H <return>  for immediate help.
 ...                                              
                                                  
l.88 ...стройства (если это уст
                                                  ройство)*/
? 

! LaTeX Error: Unicode character р (U+0440)
               not set up for use with LaTeX.

See the LaTeX manual or LaTeX Companion for explanation.
Type  H <return>  for immediate help.
 ...                                              
                                                  
l.88 ...тройства (если это устр
                                                  ойство)*/
? 

! LaTeX Error: Unicode character о (U+043E)
               not set up for use with LaTeX.

See the LaTeX manual or LaTeX Companion for explanation.
Type  H <return>  for immediate help.
 ...                                              
                                                  
l.88 ...ройства (если это устро
                                                  йство)*/
? 

! LaTeX Error: Unicode character й (U+0439)
               not set up for use with LaTeX.

See the LaTeX manual or LaTeX Companion for explanation.
Type  H <return>  for immediate help.
 ...                                              
                                                  
l.88 ...ойства (если это устрой
                                                  ство)*/
? 

! LaTeX Error: Unicode character с (U+0441)
               not set up for use with LaTeX.

See the LaTeX manual or LaTeX Companion for explanation.
Type  H <return>  for immediate help.
 ...                                              
                                                  
l.88 ...йства (если это устройс
                                                  тво)*/
? 

! LaTeX Error: Unicode character т (U+0442)
               not set up for use with LaTeX.

See the LaTeX manual or LaTeX Companion for explanation.
Type  H <return>  for immediate help.
 ...                                              
                                                  
l.88 ...ства (если это устройст
                                                  во)*/
? 

! LaTeX Error: Unicode character в (U+0432)
               not set up for use with LaTeX.

See the LaTeX manual or LaTeX Companion for explanation.
Type  H <return>  for immediate help.
 ...                                              
                                                  
l.88 ...тва (если это устройств
                                                  о)*/
? 

! LaTeX Error: Unicode character о (U+043E)
               not set up for use with LaTeX.

See the LaTeX manual or LaTeX Companion for explanation.
Type  H <return>  for immediate help.
 ...                                              
                                                  
l.88 ...ва (если это устройство
                                                  )*/
? 

! LaTeX Error: Unicode character о (U+043E)
               not set up for use with LaTeX.

See the LaTeX manual or LaTeX Companion for explanation.
Type  H <return>  for immediate help.
 ...                                              
                                                  
l.89 	off_t     st_size;    /* о
                                 бщий размер в байтах */
? 

! LaTeX Error: Unicode character б (U+0431)
               not set up for use with LaTeX.

See the LaTeX manual or LaTeX Companion for explanation.
Type  H <return>  for immediate help.
 ...                                              
                                                  
l.89 	off_t     st_size;    /* об
                                   щий размер в байтах */
? 

! LaTeX Error: Unicode character щ (U+0449)
               not set up for use with LaTeX.

See the LaTeX manual or LaTeX Companion for explanation.
Type  H <return>  for immediate help.
 ...                                              
                                                  
l.89 	off_t     st_size;    /* общ
                                     ий размер в байтах */
? 

! LaTeX Error: Unicode character и (U+0438)
               not set up for use with LaTeX.

See the LaTeX manual or LaTeX Companion for explanation.
Type  H <return>  for immediate help.
 ...                                              
                                                  
l.89 	off_t     st_size;    /* общи
                                       й размер в байтах */
? 

! LaTeX Error: Unicode character й (U+0439)
               not set up for use with LaTeX.

See the LaTeX manual or LaTeX Companion for explanation.
Type  H <return>  for immediate help.
 ...                                              
                                                  
l.89 	off_t     st_size;    /* общий
                                          размер в байтах */
? 

! LaTeX Error: Unicode character р (U+0440)
               not set up for use with LaTeX.

See the LaTeX manual or LaTeX Companion for explanation.
Type  H <return>  for immediate help.
 ...                                              
                                                  
l.89 	off_t     st_size;    /* общий р
                                            азмер в байтах */
? 

! LaTeX Error: Unicode character а (U+0430)
               not set up for use with LaTeX.

See the LaTeX manual or LaTeX Companion for explanation.
Type  H <return>  for immediate help.
 ...                                              
                                                  
l.89 	off_t     st_size;    /* общий ра
                                              змер в байтах */
? 

! LaTeX Error: Unicode character з (U+0437)
               not set up for use with LaTeX.

See the LaTeX manual or LaTeX Companion for explanation.
Type  H <return>  for immediate help.
 ...                                              
                                                  
l.89 	off_t     st_size;    /* общий раз
                                                мер в байтах */
? 

! LaTeX Error: Unicode character м (U+043C)
               not set up for use with LaTeX.

See the LaTeX manual or LaTeX Companion for explanation.
Type  H <return>  for immediate help.
 ...                                              
                                                  
l.89 	off_t     st_size;    /* общий разм
                                                  ер в байтах */
? 

! LaTeX Error: Unicode character е (U+0435)
               not set up for use with LaTeX.

See the LaTeX manual or LaTeX Companion for explanation.
Type  H <return>  for immediate help.
 ...                                              
                                                  
l.89 ...t     st_size;    /* общий разме
                                                  р в байтах */
? 

! LaTeX Error: Unicode character р (U+0440)
               not set up for use with LaTeX.

See the LaTeX manual or LaTeX Companion for explanation.
Type  H <return>  for immediate help.
 ...                                              
                                                  
l.89 ...    st_size;    /* общий размер
                                                   в байтах */
? 

! LaTeX Error: Unicode character в (U+0432)
               not set up for use with LaTeX.

See the LaTeX manual or LaTeX Companion for explanation.
Type  H <return>  for immediate help.
 ...                                              
                                                  
l.89 ... st_size;    /* общий размер в
                                                   байтах */
? 

! LaTeX Error: Unicode character б (U+0431)
               not set up for use with LaTeX.

See the LaTeX manual or LaTeX Companion for explanation.
Type  H <return>  for immediate help.
 ...                                              
                                                  
l.89 ..._size;    /* общий размер в б
                                                  айтах */
? 

! LaTeX Error: Unicode character а (U+0430)
               not set up for use with LaTeX.

See the LaTeX manual or LaTeX Companion for explanation.
Type  H <return>  for immediate help.
 ...                                              
                                                  
l.89 ...ize;    /* общий размер в ба
                                                  йтах */
? 

! LaTeX Error: Unicode character й (U+0439)
               not set up for use with LaTeX.

See the LaTeX manual or LaTeX Companion for explanation.
Type  H <return>  for immediate help.
 ...                                              
                                                  
l.89 ...e;    /* общий размер в бай
                                                  тах */
? 

! LaTeX Error: Unicode character т (U+0442)
               not set up for use with LaTeX.

See the LaTeX manual or LaTeX Companion for explanation.
Type  H <return>  for immediate help.
 ...                                              
                                                  
l.89 ...    /* общий размер в байт
                                                  ах */
? 

! LaTeX Error: Unicode character а (U+0430)
               not set up for use with LaTeX.

See the LaTeX manual or LaTeX Companion for explanation.
Type  H <return>  for immediate help.
 ...                                              
                                                  
l.89 ...  /* общий размер в байта
                                                  х */
? 

! LaTeX Error: Unicode character х (U+0445)
               not set up for use with LaTeX.

See the LaTeX manual or LaTeX Companion for explanation.
Type  H <return>  for immediate help.
 ...                                              
                                                  
l.89 .../* общий размер в байтах
                                                   */
? 

! LaTeX Error: Unicode character р (U+0440)
               not set up for use with LaTeX.

See the LaTeX manual or LaTeX Companion for explanation.
Type  H <return>  for immediate help.
 ...                                              
                                                  
l.90 	blksize_t st_blksize; /* р
                                 азмер блока ввода-вывод...

? 

! LaTeX Error: Unicode character а (U+0430)
               not set up for use with LaTeX.

See the LaTeX manual or LaTeX Companion for explanation.
Type  H <return>  for immediate help.
 ...                                              
                                                  
l.90 	blksize_t st_blksize; /* ра
                                   змер блока ввода-вывод...

? 

! LaTeX Error: Unicode character з (U+0437)
               not set up for use with LaTeX.

See the LaTeX manual or LaTeX Companion for explanation.
Type  H <return>  for immediate help.
 ...                                              
                                                  
l.90 	blksize_t st_blksize; /* раз
                                     мер блока ввода-вывод...

? 

! LaTeX Error: Unicode character м (U+043C)
               not set up for use with LaTeX.

See the LaTeX manual or LaTeX Companion for explanation.
Type  H <return>  for immediate help.
 ...                                              
                                                  
l.90 	blksize_t st_blksize; /* разм
                                       ер блока ввода-вывод...

? 

! LaTeX Error: Unicode character е (U+0435)
               not set up for use with LaTeX.

See the LaTeX manual or LaTeX Companion for explanation.
Type  H <return>  for immediate help.
 ...                                              
                                                  
l.90 	blksize_t st_blksize; /* разме
                                         р блока ввода-вывод...

? 

! LaTeX Error: Unicode character р (U+0440)
               not set up for use with LaTeX.

See the LaTeX manual or LaTeX Companion for explanation.
Type  H <return>  for immediate help.
 ...                                              
                                                  
l.90 	blksize_t st_blksize; /* размер
                                            блока ввода-вывод...

? 

! LaTeX Error: Unicode character б (U+0431)
               not set up for use with LaTeX.

See the LaTeX manual or LaTeX Companion for explanation.
Type  H <return>  for immediate help.
 ...                                              
                                                  
l.90 	blksize_t st_blksize; /* размер б
                                              лока ввода-вывод...

? 

! LaTeX Error: Unicode character л (U+043B)
               not set up for use with LaTeX.

See the LaTeX manual or LaTeX Companion for explanation.
Type  H <return>  for immediate help.
 ...                                              
                                                  
l.90 	blksize_t st_blksize; /* размер бл
                                                ока ввода-вывод...

? 

! LaTeX Error: Unicode character о (U+043E)
               not set up for use with LaTeX.

See the LaTeX manual or LaTeX Companion for explanation.
Type  H <return>  for immediate help.
 ...                                              
                                                  
l.90 	blksize_t st_blksize; /* размер бло
                                                  ка ввода-вывод...

? 

! LaTeX Error: Unicode character к (U+043A)
               not set up for use with LaTeX.

See the LaTeX manual or LaTeX Companion for explanation.
Type  H <return>  for immediate help.
 ...                                              
                                                  
l.90 ...ize_t st_blksize; /* размер блок
                                                  а ввода-вывода...

? 

! LaTeX Error: Unicode character а (U+0430)
               not set up for use with LaTeX.

See the LaTeX manual or LaTeX Companion for explanation.
Type  H <return>  for immediate help.
 ...                                              
                                                  
l.90 ...e_t st_blksize; /* размер блока
                                                   ввода-вывода �...

? 

! LaTeX Error: Unicode character в (U+0432)
               not set up for use with LaTeX.

See the LaTeX manual or LaTeX Companion for explanation.
Type  H <return>  for immediate help.
 ...                                              
                                                  
l.90 ... st_blksize; /* размер блока в
                                                  вода-вывода в �...

? 

! LaTeX Error: Unicode character в (U+0432)
               not set up for use with LaTeX.

See the LaTeX manual or LaTeX Companion for explanation.
Type  H <return>  for immediate help.
 ...                                              
                                                  
l.90 ...t_blksize; /* размер блока вв
                                                  ода-вывода в ф�...

? 

! LaTeX Error: Unicode character о (U+043E)
               not set up for use with LaTeX.

See the LaTeX manual or LaTeX Companion for explanation.
Type  H <return>  for immediate help.
 ...                                              
                                                  
l.90 ...blksize; /* размер блока вво
                                                  да-вывода в фа�...

? 

! LaTeX Error: Unicode character д (U+0434)
               not set up for use with LaTeX.

See the LaTeX manual or LaTeX Companion for explanation.
Type  H <return>  for immediate help.
 ...                                              
                                                  
l.90 ...ksize; /* размер блока ввод
                                                  а-вывода в фай�...

? 

! LaTeX Error: Unicode character а (U+0430)
               not set up for use with LaTeX.

See the LaTeX manual or LaTeX Companion for explanation.
Type  H <return>  for immediate help.
 ...                                              
                                                  
l.90 ...ize; /* размер блока ввода
                                                  -вывода в файл�...

? 

! LaTeX Error: Unicode character в (U+0432)
               not set up for use with LaTeX.

See the LaTeX manual or LaTeX Companion for explanation.
Type  H <return>  for immediate help.
 ...                                              
                                                  
l.90 ...; /* размер блока ввода-в
                                                  ывода в файлов...

? 

! LaTeX Error: Unicode character ы (U+044B)
               not set up for use with LaTeX.

See the LaTeX manual or LaTeX Companion for explanation.
Type  H <return>  for immediate help.
 ...                                              
                                                  
l.90 .../* размер блока ввода-вы
                                                  вода в файлово...

? 

! LaTeX Error: Unicode character в (U+0432)
               not set up for use with LaTeX.

See the LaTeX manual or LaTeX Companion for explanation.
Type  H <return>  for immediate help.
 ...                                              
                                                  
l.90 ... размер блока ввода-выв
                                                  ода в файловой...

? 

! LaTeX Error: Unicode character о (U+043E)
               not set up for use with LaTeX.

See the LaTeX manual or LaTeX Companion for explanation.
Type  H <return>  for immediate help.
 ...                                              
                                                  
l.90 ...�азмер блока ввода-выво
                                                  да в файловой �...

? 

! LaTeX Error: Unicode character д (U+0434)
               not set up for use with LaTeX.

See the LaTeX manual or LaTeX Companion for explanation.
Type  H <return>  for immediate help.
 ...                                              
                                                  
l.90 ...�змер блока ввода-вывод
                                                  а в файловой с�...

? 

! LaTeX Error: Unicode character а (U+0430)
               not set up for use with LaTeX.

See the LaTeX manual or LaTeX Companion for explanation.
Type  H <return>  for immediate help.
 ...                                              
                                                  
l.90 ...�мер блока ввода-вывода
                                                   в файловой си�...

? 

! LaTeX Error: Unicode character в (U+0432)
               not set up for use with LaTeX.

See the LaTeX manual or LaTeX Companion for explanation.
Type  H <return>  for immediate help.
 ...                                              
                                                  
l.90 ...ер блока ввода-вывода в
                                                   файловой сист...

? 

! LaTeX Error: Unicode character ф (U+0444)
               not set up for use with LaTeX.

See the LaTeX manual or LaTeX Companion for explanation.
Type  H <return>  for immediate help.
 ...                                              
                                                  
l.90 ...� блока ввода-вывода в ф
                                                  айловой систе�...

? 

! LaTeX Error: Unicode character а (U+0430)
               not set up for use with LaTeX.

See the LaTeX manual or LaTeX Companion for explanation.
Type  H <return>  for immediate help.
 ...                                              
                                                  
l.90 ...блока ввода-вывода в фа
                                                  йловой систем�...

? 

! LaTeX Error: Unicode character й (U+0439)
               not set up for use with LaTeX.

See the LaTeX manual or LaTeX Companion for explanation.
Type  H <return>  for immediate help.
 ...                                              
                                                  
l.90 ...лока ввода-вывода в фай
                                                  ловой системе */
? 

! LaTeX Error: Unicode character л (U+043B)
               not set up for use with LaTeX.

See the LaTeX manual or LaTeX Companion for explanation.
Type  H <return>  for immediate help.
 ...                                              
                                                  
l.90 ...ока ввода-вывода в файл
                                                  овой системе */
? 

! LaTeX Error: Unicode character о (U+043E)
               not set up for use with LaTeX.

See the LaTeX manual or LaTeX Companion for explanation.
Type  H <return>  for immediate help.
 ...                                              
                                                  
l.90 ...ка ввода-вывода в файло
                                                  вой системе */
? 

! LaTeX Error: Unicode character в (U+0432)
               not set up for use with LaTeX.

See the LaTeX manual or LaTeX Companion for explanation.
Type  H <return>  for immediate help.
 ...                                              
                                                  
l.90 ...а ввода-вывода в файлов
                                                  ой системе */
? 

! LaTeX Error: Unicode character о (U+043E)
               not set up for use with LaTeX.

See the LaTeX manual or LaTeX Companion for explanation.
Type  H <return>  for immediate help.
 ...                                              
                                                  
l.90 ... ввода-вывода в файлово
                                                  й системе */
? 

! LaTeX Error: Unicode character й (U+0439)
               not set up for use with LaTeX.

See the LaTeX manual or LaTeX Companion for explanation.
Type  H <return>  for immediate help.
 ...                                              
                                                  
l.90 ...�вода-вывода в файловой
                                                   системе */
? 

! LaTeX Error: Unicode character с (U+0441)
               not set up for use with LaTeX.

See the LaTeX manual or LaTeX Companion for explanation.
Type  H <return>  for immediate help.
 ...                                              
                                                  
l.90 ...ода-вывода в файловой с
                                                  истеме */
? 

! LaTeX Error: Unicode character и (U+0438)
               not set up for use with LaTeX.

See the LaTeX manual or LaTeX Companion for explanation.
Type  H <return>  for immediate help.
 ...                                              
                                                  
l.90 ...да-вывода в файловой си
                                                  стеме */
? 

! LaTeX Error: Unicode character с (U+0441)
               not set up for use with LaTeX.

See the LaTeX manual or LaTeX Companion for explanation.
Type  H <return>  for immediate help.
 ...                                              
                                                  
l.90 ...а-вывода в файловой сис
                                                  теме */
? 

! LaTeX Error: Unicode character т (U+0442)
               not set up for use with LaTeX.

See the LaTeX manual or LaTeX Companion for explanation.
Type  H <return>  for immediate help.
 ...                                              
                                                  
l.90 ...-вывода в файловой сист
                                                  еме */
? 

! LaTeX Error: Unicode character е (U+0435)
               not set up for use with LaTeX.

See the LaTeX manual or LaTeX Companion for explanation.
Type  H <return>  for immediate help.
 ...                                              
                                                  
l.90 ...�ывода в файловой систе
                                                  ме */
? 

! LaTeX Error: Unicode character м (U+043C)
               not set up for use with LaTeX.

See the LaTeX manual or LaTeX Companion for explanation.
Type  H <return>  for immediate help.
 ...                                              
                                                  
l.90 ...�вода в файловой систем
                                                  е */
? 

! LaTeX Error: Unicode character е (U+0435)
               not set up for use with LaTeX.

See the LaTeX manual or LaTeX Companion for explanation.
Type  H <return>  for immediate help.
 ...                                              
                                                  
l.90 ...�ода в файловой системе
                                                   */
? 

! LaTeX Error: Unicode character к (U+043A)
               not set up for use with LaTeX.

See the LaTeX manual or LaTeX Companion for explanation.
Type  H <return>  for immediate help.
 ...                                              
                                                  
l.91 	blkcnt_t  st_blocks;  /* к
                                 оличество выделенных 512...

? 

! LaTeX Error: Unicode character о (U+043E)
               not set up for use with LaTeX.

See the LaTeX manual or LaTeX Companion for explanation.
Type  H <return>  for immediate help.
 ...                                              
                                                  
l.91 	blkcnt_t  st_blocks;  /* ко
                                   личество выделенных 512...

? 

! LaTeX Error: Unicode character л (U+043B)
               not set up for use with LaTeX.

See the LaTeX manual or LaTeX Companion for explanation.
Type  H <return>  for immediate help.
 ...                                              
                                                  
l.91 	blkcnt_t  st_blocks;  /* кол
                                     ичество выделенных 512...

? 

! LaTeX Error: Unicode character и (U+0438)
               not set up for use with LaTeX.

See the LaTeX manual or LaTeX Companion for explanation.
Type  H <return>  for immediate help.
 ...                                              
                                                  
l.91 	blkcnt_t  st_blocks;  /* коли
                                       чество выделенных 512...

? 

! LaTeX Error: Unicode character ч (U+0447)
               not set up for use with LaTeX.

See the LaTeX manual or LaTeX Companion for explanation.
Type  H <return>  for immediate help.
 ...                                              
                                                  
l.91 	blkcnt_t  st_blocks;  /* колич
                                         ество выделенных 512...

? 

! LaTeX Error: Unicode character е (U+0435)
               not set up for use with LaTeX.

See the LaTeX manual or LaTeX Companion for explanation.
Type  H <return>  for immediate help.
 ...                                              
                                                  
l.91 	blkcnt_t  st_blocks;  /* количе
                                           ство выделенных 512...

? 

! LaTeX Error: Unicode character с (U+0441)
               not set up for use with LaTeX.

See the LaTeX manual or LaTeX Companion for explanation.
Type  H <return>  for immediate help.
 ...                                              
                                                  
l.91 	blkcnt_t  st_blocks;  /* количес
                                             тво выделенных 512...

? 

! LaTeX Error: Unicode character т (U+0442)
               not set up for use with LaTeX.

See the LaTeX manual or LaTeX Companion for explanation.
Type  H <return>  for immediate help.
 ...                                              
                                                  
l.91 	blkcnt_t  st_blocks;  /* количест
                                               во выделенных 512...

? 

! LaTeX Error: Unicode character в (U+0432)
               not set up for use with LaTeX.

See the LaTeX manual or LaTeX Companion for explanation.
Type  H <return>  for immediate help.
 ...                                              
                                                  
l.91 	blkcnt_t  st_blocks;  /* количеств
                                                 о выделенных 512...

? 

! LaTeX Error: Unicode character о (U+043E)
               not set up for use with LaTeX.

See the LaTeX manual or LaTeX Companion for explanation.
Type  H <return>  for immediate help.
 ...                                              
                                                  
l.91 ...cnt_t  st_blocks;  /* количество
                                                   выделенных 512-...

? 

! LaTeX Error: Unicode character в (U+0432)
               not set up for use with LaTeX.

See the LaTeX manual or LaTeX Companion for explanation.
Type  H <return>  for immediate help.
 ...                                              
                                                  
l.91 ..._t  st_blocks;  /* количество в
                                                  ыделенных 512-б�...

? 

! LaTeX Error: Unicode character ы (U+044B)
               not set up for use with LaTeX.

See the LaTeX manual or LaTeX Companion for explanation.
Type  H <return>  for immediate help.
 ...                                              
                                                  
l.91 ...  st_blocks;  /* количество вы
                                                  деленных 512-ба�...

? 

! LaTeX Error: Unicode character д (U+0434)
               not set up for use with LaTeX.

See the LaTeX manual or LaTeX Companion for explanation.
Type  H <return>  for immediate help.
 ...                                              
                                                  
l.91 ...st_blocks;  /* количество выд
                                                  еленных 512-бай�...

? 

! LaTeX Error: Unicode character е (U+0435)
               not set up for use with LaTeX.

See the LaTeX manual or LaTeX Companion for explanation.
Type  H <return>  for immediate help.
 ...                                              
                                                  
l.91 ..._blocks;  /* количество выде
                                                  ленных 512-байт�...

? 

! LaTeX Error: Unicode character л (U+043B)
               not set up for use with LaTeX.

See the LaTeX manual or LaTeX Companion for explanation.
Type  H <return>  for immediate help.
 ...                                              
                                                  
l.91 ...locks;  /* количество выдел
                                                  енных 512-байтн�...

? 

! LaTeX Error: Unicode character е (U+0435)
               not set up for use with LaTeX.

See the LaTeX manual or LaTeX Companion for explanation.
Type  H <return>  for immediate help.
 ...                                              
                                                  
l.91 ...cks;  /* количество выделе
                                                  нных 512-байтны�...

? 

! LaTeX Error: Unicode character н (U+043D)
               not set up for use with LaTeX.

See the LaTeX manual or LaTeX Companion for explanation.
Type  H <return>  for immediate help.
 ...                                              
                                                  
l.91 ...s;  /* количество выделен
                                                  ных 512-байтных ...

? 

! LaTeX Error: Unicode character н (U+043D)
               not set up for use with LaTeX.

See the LaTeX manual or LaTeX Companion for explanation.
Type  H <return>  for immediate help.
 ...                                              
                                                  
l.91 ...  /* количество выделенн
                                                  ых 512-байтных б...

? 

! LaTeX Error: Unicode character ы (U+044B)
               not set up for use with LaTeX.

See the LaTeX manual or LaTeX Companion for explanation.
Type  H <return>  for immediate help.
 ...                                              
                                                  
l.91 .../* количество выделенны
                                                  х 512-байтных бл...

? 

! LaTeX Error: Unicode character х (U+0445)
               not set up for use with LaTeX.

See the LaTeX manual or LaTeX Companion for explanation.
Type  H <return>  for immediate help.
 ...                                              
                                                  
l.91 ... количество выделенных
                                                   512-байтных бло...

? 

! LaTeX Error: Unicode character б (U+0431)
               not set up for use with LaTeX.

See the LaTeX manual or LaTeX Companion for explanation.
Type  H <return>  for immediate help.
 ...                                              
                                                  
l.91 ...ичество выделенных 512-б
                                                  айтных блоков */
? 

! LaTeX Error: Unicode character а (U+0430)
               not set up for use with LaTeX.

See the LaTeX manual or LaTeX Companion for explanation.
Type  H <return>  for immediate help.
 ...                                              
                                                  
l.91 ...чество выделенных 512-ба
                                                  йтных блоков */
? 

! LaTeX Error: Unicode character й (U+0439)
               not set up for use with LaTeX.

See the LaTeX manual or LaTeX Companion for explanation.
Type  H <return>  for immediate help.
 ...                                              
                                                  
l.91 ...ество выделенных 512-бай
                                                  тных блоков */
? 

! LaTeX Error: Unicode character т (U+0442)
               not set up for use with LaTeX.

See the LaTeX manual or LaTeX Companion for explanation.
Type  H <return>  for immediate help.
 ...                                              
                                                  
l.91 ...ство выделенных 512-байт
                                                  ных блоков */
? 

! LaTeX Error: Unicode character н (U+043D)
               not set up for use with LaTeX.

See the LaTeX manual or LaTeX Companion for explanation.
Type  H <return>  for immediate help.
 ...                                              
                                                  
l.91 ...тво выделенных 512-байтн
                                                  ых блоков */
? 

! LaTeX Error: Unicode character ы (U+044B)
               not set up for use with LaTeX.

See the LaTeX manual or LaTeX Companion for explanation.
Type  H <return>  for immediate help.
 ...                                              
                                                  
l.91 ...во выделенных 512-байтны
                                                  х блоков */
? 

! LaTeX Error: Unicode character х (U+0445)
               not set up for use with LaTeX.

See the LaTeX manual or LaTeX Companion for explanation.
Type  H <return>  for immediate help.
 ...                                              
                                                  
l.91 ...о выделенных 512-байтных
                                                   блоков */
? 

! LaTeX Error: Unicode character б (U+0431)
               not set up for use with LaTeX.

See the LaTeX manual or LaTeX Companion for explanation.
Type  H <return>  for immediate help.
 ...                                              
                                                  
l.91 ...выделенных 512-байтных б
                                                  локов */
? 

! LaTeX Error: Unicode character л (U+043B)
               not set up for use with LaTeX.

See the LaTeX manual or LaTeX Companion for explanation.
Type  H <return>  for immediate help.
 ...                                              
                                                  
l.91 ...ыделенных 512-байтных бл
                                                  оков */
? 

! LaTeX Error: Unicode character о (U+043E)
               not set up for use with LaTeX.

See the LaTeX manual or LaTeX Companion for explanation.
Type  H <return>  for immediate help.
 ...                                              
                                                  
l.91 ...деленных 512-байтных бло
                                                  ков */
? 

! LaTeX Error: Unicode character к (U+043A)
               not set up for use with LaTeX.

See the LaTeX manual or LaTeX Companion for explanation.
Type  H <return>  for immediate help.
 ...                                              
                                                  
l.91 ...еленных 512-байтных блок
                                                  ов */
? 

! LaTeX Error: Unicode character о (U+043E)
               not set up for use with LaTeX.

See the LaTeX manual or LaTeX Companion for explanation.
Type  H <return>  for immediate help.
 ...                                              
                                                  
l.91 ...ленных 512-байтных блоко
                                                  в */
? 

! LaTeX Error: Unicode character в (U+0432)
               not set up for use with LaTeX.

See the LaTeX manual or LaTeX Companion for explanation.
Type  H <return>  for immediate help.
 ...                                              
                                                  
l.91 ...енных 512-байтных блоков
                                                   */
? 

! LaTeX Error: Unicode character в (U+0432)
               not set up for use with LaTeX.

See the LaTeX manual or LaTeX Companion for explanation.
Type  H <return>  for immediate help.
 ...                                              
                                                  
l.92 ...t_atime; struct timespec st_atim; }; /* в
                                                  ремя последне�...

? 

! LaTeX Error: Unicode character р (U+0440)
               not set up for use with LaTeX.

See the LaTeX manual or LaTeX Companion for explanation.
Type  H <return>  for immediate help.
 ...                                              
                                                  
l.92 ...atime; struct timespec st_atim; }; /* вр
                                                  емя последнег�...

? 

! LaTeX Error: Unicode character е (U+0435)
               not set up for use with LaTeX.

See the LaTeX manual or LaTeX Companion for explanation.
Type  H <return>  for immediate help.
 ...                                              
                                                  
l.92 ...ime; struct timespec st_atim; }; /* вре
                                                  мя последнего ...

? 

! LaTeX Error: Unicode character м (U+043C)
               not set up for use with LaTeX.

See the LaTeX manual or LaTeX Companion for explanation.
Type  H <return>  for immediate help.
 ...                                              
                                                  
l.92 ...e; struct timespec st_atim; }; /* врем
                                                  я последнего д...

? 

! LaTeX Error: Unicode character я (U+044F)
               not set up for use with LaTeX.

See the LaTeX manual or LaTeX Companion for explanation.
Type  H <return>  for immediate help.
 ...                                              
                                                  
l.92 ... struct timespec st_atim; }; /* время
                                                   последнего до...

? 

! LaTeX Error: Unicode character п (U+043F)
               not set up for use with LaTeX.

See the LaTeX manual or LaTeX Companion for explanation.
Type  H <return>  for immediate help.
 ...                                              
                                                  
l.92 ...ruct timespec st_atim; }; /* время п
                                                  оследнего дос�...

? 

! LaTeX Error: Unicode character о (U+043E)
               not set up for use with LaTeX.

See the LaTeX manual or LaTeX Companion for explanation.
Type  H <return>  for immediate help.
 ...                                              
                                                  
l.92 ...ct timespec st_atim; }; /* время по
                                                  следнего дост�...

? 

! LaTeX Error: Unicode character с (U+0441)
               not set up for use with LaTeX.

See the LaTeX manual or LaTeX Companion for explanation.
Type  H <return>  for immediate help.
 ...                                              
                                                  
l.92 ... timespec st_atim; }; /* время пос
                                                  леднего досту�...

? 

! LaTeX Error: Unicode character л (U+043B)
               not set up for use with LaTeX.

See the LaTeX manual or LaTeX Companion for explanation.
Type  H <return>  for immediate help.
 ...                                              
                                                  
l.92 ...imespec st_atim; }; /* время посл
                                                  еднего доступ�...

? 

! LaTeX Error: Unicode character е (U+0435)
               not set up for use with LaTeX.

See the LaTeX manual or LaTeX Companion for explanation.
Type  H <return>  for immediate help.
 ...                                              
                                                  
l.92 ...espec st_atim; }; /* время после
                                                  днего доступа */
? 

! LaTeX Error: Unicode character д (U+0434)
               not set up for use with LaTeX.

See the LaTeX manual or LaTeX Companion for explanation.
Type  H <return>  for immediate help.
 ...                                              
                                                  
l.92 ...pec st_atim; }; /* время послед
                                                  него доступа */
? 

! LaTeX Error: Unicode character н (U+043D)
               not set up for use with LaTeX.

See the LaTeX manual or LaTeX Companion for explanation.
Type  H <return>  for immediate help.
 ...                                              
                                                  
l.92 ...c st_atim; }; /* время последн
                                                  его доступа */
? 

! LaTeX Error: Unicode character е (U+0435)
               not set up for use with LaTeX.

See the LaTeX manual or LaTeX Companion for explanation.
Type  H <return>  for immediate help.
 ...                                              
                                                  
l.92 ...st_atim; }; /* время последне
                                                  го доступа */
? 

! LaTeX Error: Unicode character г (U+0433)
               not set up for use with LaTeX.

See the LaTeX manual or LaTeX Companion for explanation.
Type  H <return>  for immediate help.
 ...                                              
                                                  
l.92 ..._atim; }; /* время последнег
                                                  о доступа */
? 

! LaTeX Error: Unicode character о (U+043E)
               not set up for use with LaTeX.

See the LaTeX manual or LaTeX Companion for explanation.
Type  H <return>  for immediate help.
 ...                                              
                                                  
l.92 ...tim; }; /* время последнего
                                                   доступа */
? 

! LaTeX Error: Unicode character д (U+0434)
               not set up for use with LaTeX.

See the LaTeX manual or LaTeX Companion for explanation.
Type  H <return>  for immediate help.
 ...                                              
                                                  
l.92 ...; }; /* время последнего д
                                                  оступа */
? 

! LaTeX Error: Unicode character о (U+043E)
               not set up for use with LaTeX.

See the LaTeX manual or LaTeX Companion for explanation.
Type  H <return>  for immediate help.
 ...                                              
                                                  
l.92 ...}; /* время последнего до
                                                  ступа */
? 

! LaTeX Error: Unicode character с (U+0441)
               not set up for use with LaTeX.

See the LaTeX manual or LaTeX Companion for explanation.
Type  H <return>  for immediate help.
 ...                                              
                                                  
l.92 ... /* время последнего дос
                                                  тупа */
? 

! LaTeX Error: Unicode character т (U+0442)
               not set up for use with LaTeX.

See the LaTeX manual or LaTeX Companion for explanation.
Type  H <return>  for immediate help.
 ...                                              
                                                  
l.92 ...* время последнего дост
                                                  упа */
? 

! LaTeX Error: Unicode character у (U+0443)
               not set up for use with LaTeX.

See the LaTeX manual or LaTeX Companion for explanation.
Type  H <return>  for immediate help.
 ...                                              
                                                  
l.92 ...время последнего досту
                                                  па */
? 

! LaTeX Error: Unicode character п (U+043F)
               not set up for use with LaTeX.

See the LaTeX manual or LaTeX Companion for explanation.
Type  H <return>  for immediate help.
 ...                                              
                                                  
l.92 ...ремя последнего доступ
                                                  а */
? 

! LaTeX Error: Unicode character а (U+0430)
               not set up for use with LaTeX.

See the LaTeX manual or LaTeX Companion for explanation.
Type  H <return>  for immediate help.
 ...                                              
                                                  
l.92 ...емя последнего доступа
                                                   */
? 

! LaTeX Error: Unicode character в (U+0432)
               not set up for use with LaTeX.

See the LaTeX manual or LaTeX Companion for explanation.
Type  H <return>  for immediate help.
 ...                                              
                                                  
l.93 ...t_mtime; struct timespec st_mtim; }; /* в
                                                  ремя последне�...

? 

! LaTeX Error: Unicode character р (U+0440)
               not set up for use with LaTeX.

See the LaTeX manual or LaTeX Companion for explanation.
Type  H <return>  for immediate help.
 ...                                              
                                                  
l.93 ...mtime; struct timespec st_mtim; }; /* вр
                                                  емя последней ...

? 

! LaTeX Error: Unicode character е (U+0435)
               not set up for use with LaTeX.

See the LaTeX manual or LaTeX Companion for explanation.
Type  H <return>  for immediate help.
 ...                                              
                                                  
l.93 ...ime; struct timespec st_mtim; }; /* вре
                                                  мя последней м...

? 

! LaTeX Error: Unicode character м (U+043C)
               not set up for use with LaTeX.

See the LaTeX manual or LaTeX Companion for explanation.
Type  H <return>  for immediate help.
 ...                                              
                                                  
l.93 ...e; struct timespec st_mtim; }; /* врем
                                                  я последней мо...

? 

! LaTeX Error: Unicode character я (U+044F)
               not set up for use with LaTeX.

See the LaTeX manual or LaTeX Companion for explanation.
Type  H <return>  for immediate help.
 ...                                              
                                                  
l.93 ... struct timespec st_mtim; }; /* время
                                                   последней мод...

? 

! LaTeX Error: Unicode character п (U+043F)
               not set up for use with LaTeX.

See the LaTeX manual or LaTeX Companion for explanation.
Type  H <return>  for immediate help.
 ...                                              
                                                  
l.93 ...ruct timespec st_mtim; }; /* время п
                                                  оследней моди�...

? 

! LaTeX Error: Unicode character о (U+043E)
               not set up for use with LaTeX.

See the LaTeX manual or LaTeX Companion for explanation.
Type  H <return>  for immediate help.
 ...                                              
                                                  
l.93 ...ct timespec st_mtim; }; /* время по
                                                  следней модиф�...

? 

! LaTeX Error: Unicode character с (U+0441)
               not set up for use with LaTeX.

See the LaTeX manual or LaTeX Companion for explanation.
Type  H <return>  for immediate help.
 ...                                              
                                                  
l.93 ... timespec st_mtim; }; /* время пос
                                                  ледней модифи�...

? 

! LaTeX Error: Unicode character л (U+043B)
               not set up for use with LaTeX.

See the LaTeX manual or LaTeX Companion for explanation.
Type  H <return>  for immediate help.
 ...                                              
                                                  
l.93 ...imespec st_mtim; }; /* время посл
                                                  едней модифик�...

? 

! LaTeX Error: Unicode character е (U+0435)
               not set up for use with LaTeX.

See the LaTeX manual or LaTeX Companion for explanation.
Type  H <return>  for immediate help.
 ...                                              
                                                  
l.93 ...espec st_mtim; }; /* время после
                                                  дней модифика�...

? 

! LaTeX Error: Unicode character д (U+0434)
               not set up for use with LaTeX.

See the LaTeX manual or LaTeX Companion for explanation.
Type  H <return>  for immediate help.
 ...                                              
                                                  
l.93 ...pec st_mtim; }; /* время послед
                                                  ней модификац�...

? 

! LaTeX Error: Unicode character н (U+043D)
               not set up for use with LaTeX.

See the LaTeX manual or LaTeX Companion for explanation.
Type  H <return>  for immediate help.
 ...                                              
                                                  
l.93 ...c st_mtim; }; /* время последн
                                                  ей модификаци�...

? 

! LaTeX Error: Unicode character е (U+0435)
               not set up for use with LaTeX.

See the LaTeX manual or LaTeX Companion for explanation.
Type  H <return>  for immediate help.
 ...                                              
                                                  
l.93 ...st_mtim; }; /* время последне
                                                  й модификации */
? 

! LaTeX Error: Unicode character й (U+0439)
               not set up for use with LaTeX.

See the LaTeX manual or LaTeX Companion for explanation.
Type  H <return>  for immediate help.
 ...                                              
                                                  
l.93 ..._mtim; }; /* время последней
                                                   модификации */
? 

! LaTeX Error: Unicode character м (U+043C)
               not set up for use with LaTeX.

See the LaTeX manual or LaTeX Companion for explanation.
Type  H <return>  for immediate help.
 ...                                              
                                                  
l.93 ...im; }; /* время последней м
                                                  одификации */
? 

! LaTeX Error: Unicode character о (U+043E)
               not set up for use with LaTeX.

See the LaTeX manual or LaTeX Companion for explanation.
Type  H <return>  for immediate help.
 ...                                              
                                                  
l.93 ...; }; /* время последней мо
                                                  дификации */
? 

! LaTeX Error: Unicode character д (U+0434)
               not set up for use with LaTeX.

See the LaTeX manual or LaTeX Companion for explanation.
Type  H <return>  for immediate help.
 ...                                              
                                                  
l.93 ...}; /* время последней мод
                                                  ификации */
? 

! LaTeX Error: Unicode character и (U+0438)
               not set up for use with LaTeX.

See the LaTeX manual or LaTeX Companion for explanation.
Type  H <return>  for immediate help.
 ...                                              
                                                  
l.93 ... /* время последней моди
                                                  фикации */
? 

! LaTeX Error: Unicode character ф (U+0444)
               not set up for use with LaTeX.

See the LaTeX manual or LaTeX Companion for explanation.
Type  H <return>  for immediate help.
 ...                                              
                                                  
l.93 ...* время последней модиф
                                                  икации */
? 

! LaTeX Error: Unicode character и (U+0438)
               not set up for use with LaTeX.

See the LaTeX manual or LaTeX Companion for explanation.
Type  H <return>  for immediate help.
 ...                                              
                                                  
l.93 ...время последней модифи
                                                  кации */
? 

! LaTeX Error: Unicode character к (U+043A)
               not set up for use with LaTeX.

See the LaTeX manual or LaTeX Companion for explanation.
Type  H <return>  for immediate help.
 ...                                              
                                                  
l.93 ...ремя последней модифик
                                                  ации */
? 

! LaTeX Error: Unicode character а (U+0430)
               not set up for use with LaTeX.

See the LaTeX manual or LaTeX Companion for explanation.
Type  H <return>  for immediate help.
 ...                                              
                                                  
l.93 ...емя последней модифика
                                                  ции */
? 

! LaTeX Error: Unicode character ц (U+0446)
               not set up for use with LaTeX.

See the LaTeX manual or LaTeX Companion for explanation.
Type  H <return>  for immediate help.
 ...                                              
                                                  
l.93 ...мя последней модификац
                                                  ии */
? 

! LaTeX Error: Unicode character и (U+0438)
               not set up for use with LaTeX.

See the LaTeX manual or LaTeX Companion for explanation.
Type  H <return>  for immediate help.
 ...                                              
                                                  
l.93 ...я последней модификаци
                                                  и */
? 

! LaTeX Error: Unicode character и (U+0438)
               not set up for use with LaTeX.

See the LaTeX manual or LaTeX Companion for explanation.
Type  H <return>  for immediate help.
 ...                                              
                                                  
l.93 ... последней модификации
                                                   */
? 

! LaTeX Error: Unicode character в (U+0432)
               not set up for use with LaTeX.

See the LaTeX manual or LaTeX Companion for explanation.
Type  H <return>  for immediate help.
 ...                                              
                                                  
l.94 ...t_ctime; struct timespec st_ctim; }; /* в
                                                  ремя последне�...

? 

! LaTeX Error: Unicode character р (U+0440)
               not set up for use with LaTeX.

See the LaTeX manual or LaTeX Companion for explanation.
Type  H <return>  for immediate help.
 ...                                              
                                                  
l.94 ...ctime; struct timespec st_ctim; }; /* вр
                                                  емя последнег�...

? 

! LaTeX Error: Unicode character е (U+0435)
               not set up for use with LaTeX.

See the LaTeX manual or LaTeX Companion for explanation.
Type  H <return>  for immediate help.
 ...                                              
                                                  
l.94 ...ime; struct timespec st_ctim; }; /* вре
                                                  мя последнего ...

? 

! LaTeX Error: Unicode character м (U+043C)
               not set up for use with LaTeX.

See the LaTeX manual or LaTeX Companion for explanation.
Type  H <return>  for immediate help.
 ...                                              
                                                  
l.94 ...e; struct timespec st_ctim; }; /* врем
                                                  я последнего и...

? 

! LaTeX Error: Unicode character я (U+044F)
               not set up for use with LaTeX.

See the LaTeX manual or LaTeX Companion for explanation.
Type  H <return>  for immediate help.
 ...                                              
                                                  
l.94 ... struct timespec st_ctim; }; /* время
                                                   последнего из...

? 

! LaTeX Error: Unicode character п (U+043F)
               not set up for use with LaTeX.

See the LaTeX manual or LaTeX Companion for explanation.
Type  H <return>  for immediate help.
 ...                                              
                                                  
l.94 ...ruct timespec st_ctim; }; /* время п
                                                  оследнего изм�...

? 

! LaTeX Error: Unicode character о (U+043E)
               not set up for use with LaTeX.

See the LaTeX manual or LaTeX Companion for explanation.
Type  H <return>  for immediate help.
 ...                                              
                                                  
l.94 ...ct timespec st_ctim; }; /* время по
                                                  следнего изме�...

? 

! LaTeX Error: Unicode character с (U+0441)
               not set up for use with LaTeX.

See the LaTeX manual or LaTeX Companion for explanation.
Type  H <return>  for immediate help.
 ...                                              
                                                  
l.94 ... timespec st_ctim; }; /* время пос
                                                  леднего измен�...

? 

! LaTeX Error: Unicode character л (U+043B)
               not set up for use with LaTeX.

See the LaTeX manual or LaTeX Companion for explanation.
Type  H <return>  for immediate help.
 ...                                              
                                                  
l.94 ...imespec st_ctim; }; /* время посл
                                                  еднего измене�...

? 

! LaTeX Error: Unicode character е (U+0435)
               not set up for use with LaTeX.

See the LaTeX manual or LaTeX Companion for explanation.
Type  H <return>  for immediate help.
 ...                                              
                                                  
l.94 ...espec st_ctim; }; /* время после
                                                  днего изменен�...

? 

! LaTeX Error: Unicode character д (U+0434)
               not set up for use with LaTeX.

See the LaTeX manual or LaTeX Companion for explanation.
Type  H <return>  for immediate help.
 ...                                              
                                                  
l.94 ...pec st_ctim; }; /* время послед
                                                  него изменени�...

? 

! LaTeX Error: Unicode character н (U+043D)
               not set up for use with LaTeX.

See the LaTeX manual or LaTeX Companion for explanation.
Type  H <return>  for immediate help.
 ...                                              
                                                  
l.94 ...c st_ctim; }; /* время последн
                                                  его изменения */
? 

! LaTeX Error: Unicode character е (U+0435)
               not set up for use with LaTeX.

See the LaTeX manual or LaTeX Companion for explanation.
Type  H <return>  for immediate help.
 ...                                              
                                                  
l.94 ...st_ctim; }; /* время последне
                                                  го изменения */
? 

! LaTeX Error: Unicode character г (U+0433)
               not set up for use with LaTeX.

See the LaTeX manual or LaTeX Companion for explanation.
Type  H <return>  for immediate help.
 ...                                              
                                                  
l.94 ..._ctim; }; /* время последнег
                                                  о изменения */
? 

! LaTeX Error: Unicode character о (U+043E)
               not set up for use with LaTeX.

See the LaTeX manual or LaTeX Companion for explanation.
Type  H <return>  for immediate help.
 ...                                              
                                                  
l.94 ...tim; }; /* время последнего
                                                   изменения */
? 

! LaTeX Error: Unicode character и (U+0438)
               not set up for use with LaTeX.

See the LaTeX manual or LaTeX Companion for explanation.
Type  H <return>  for immediate help.
 ...                                              
                                                  
l.94 ...; }; /* время последнего и
                                                  зменения */
? 

! LaTeX Error: Unicode character з (U+0437)
               not set up for use with LaTeX.

See the LaTeX manual or LaTeX Companion for explanation.
Type  H <return>  for immediate help.
 ...                                              
                                                  
l.94 ...}; /* время последнего из
                                                  менения */
? 

! LaTeX Error: Unicode character м (U+043C)
               not set up for use with LaTeX.

See the LaTeX manual or LaTeX Companion for explanation.
Type  H <return>  for immediate help.
 ...                                              
                                                  
l.94 ... /* время последнего изм
                                                  енения */
? 

! LaTeX Error: Unicode character е (U+0435)
               not set up for use with LaTeX.

See the LaTeX manual or LaTeX Companion for explanation.
Type  H <return>  for immediate help.
 ...                                              
                                                  
l.94 ...* время последнего изме
                                                  нения */
? 

! LaTeX Error: Unicode character н (U+043D)
               not set up for use with LaTeX.

See the LaTeX manual or LaTeX Companion for explanation.
Type  H <return>  for immediate help.
 ...                                              
                                                  
l.94 ...время последнего измен
                                                  ения */
? 

! LaTeX Error: Unicode character е (U+0435)
               not set up for use with LaTeX.

See the LaTeX manual or LaTeX Companion for explanation.
Type  H <return>  for immediate help.
 ...                                              
                                                  
l.94 ...ремя последнего измене
                                                  ния */
? 

! LaTeX Error: Unicode character н (U+043D)
               not set up for use with LaTeX.

See the LaTeX manual or LaTeX Companion for explanation.
Type  H <return>  for immediate help.
 ...                                              
                                                  
l.94 ...емя последнего изменен
                                                  ия */
? 

! LaTeX Error: Unicode character и (U+0438)
               not set up for use with LaTeX.

See the LaTeX manual or LaTeX Companion for explanation.
Type  H <return>  for immediate help.
 ...                                              
                                                  
l.94 ...мя последнего изменени
                                                  я */
? 

! LaTeX Error: Unicode character я (U+044F)
               not set up for use with LaTeX.

See the LaTeX manual or LaTeX Companion for explanation.
Type  H <return>  for immediate help.
 ...                                              
                                                  
l.94 ...я последнего изменения
                                                   */
? 
! Extra }, or forgotten $.
l.95 }
      ;
? 

! LaTeX Error: \begin{document} ended by \end{mylisting}.

See the LaTeX manual or LaTeX Companion for explanation.
Type  H <return>  for immediate help.
 ...                                              
                                                  
l.96 \end{mylisting}
                    
? 
! Missing $ inserted.
<inserted text> 
                $
l.96 \end{mylisting}
                    
? 
! Missing } inserted.
<inserted text> 
                }
l.96 \end{mylisting}
                    
? 

Overfull \hbox (20.0pt too wide) in paragraph at lines 80--97
[]
 []


Overfull \hbox (40.78905pt too wide) in paragraph at lines 80--97
[]\OML/cmm/m/it/10 st[]ev\OT1/cmr/m/n/10 ; \OML/cmm/m/it/10 = \OMS/cmsy/m/n/10 
^^C
 []


Overfull \hbox (64.7375pt too wide) in paragraph at lines 80--97
\OMS/cmsy/m/n/10 ^^C\OML/cmm/m/it/10 =ino[]st[]no\OT1/cmr/m/n/10 ; \OML/cmm/m/i
t/10 = \OMS/cmsy/m/n/10 ^^C
 []


Overfull \hbox (29.15585pt too wide) in paragraph at lines 80--97
\OML/cmm/m/it/10 inode \OMS/cmsy/m/n/10 ^^C
 []


Overfull \hbox (77.05688pt too wide) in paragraph at lines 80--97
\OML/cmm/m/it/10 =mode[]st[]ode\OT1/cmr/m/n/10 ; \OML/cmm/m/it/10 = \OMS/cmsy/m
/n/10 ^^C
 []


Overfull \hbox (83.6926pt too wide) in paragraph at lines 80--97
\OMS/cmsy/m/n/10 ^^C\OML/cmm/m/it/10 =nlink[]st[]link\OT1/cmr/m/n/10 ; \OML/cmm
/m/it/10 = \OMS/cmsy/m/n/10 ^^C
 []


Overfull \hbox (64.51656pt too wide) in paragraph at lines 80--97
\OMS/cmsy/m/n/10 ^^C\OML/cmm/m/it/10 =uid[]st[]id\OT1/cmr/m/n/10 ; \OML/cmm/m/i
t/10 = \OMS/cmsy/m/n/10 ^^C
 []


Overfull \hbox (12.77782pt too wide) in paragraph at lines 80--97
\OMS/cmsy/m/n/10 ^^@ ^^C
 []


Overfull \hbox (58.34482pt too wide) in paragraph at lines 80--97
\OML/cmm/m/it/10 =gid[]st[]id\OT1/cmr/m/n/10 ; \OML/cmm/m/it/10 = \OMS/cmsy/m/n
/10 ^^C
 []


Overfull \hbox (12.77782pt too wide) in paragraph at lines 80--97
\OMS/cmsy/m/n/10 ^^@ ^^C
 []


Overfull \hbox (65.46767pt too wide) in paragraph at lines 80--97
\OML/cmm/m/it/10 =dev[]st[]dev\OT1/cmr/m/n/10 ; \OML/cmm/m/it/10 = \OMS/cmsy/m/
n/10 ^^C
 []


Overfull \hbox (12.77782pt too wide) in paragraph at lines 80--97
\OT1/cmr/m/n/10 () \OMS/cmsy/m/n/10 ^^C
 []


Overfull \hbox (64.44528pt too wide) in paragraph at lines 80--97
\OML/cmm/m/it/10 =off[]st[]ize\OT1/cmr/m/n/10 ; \OML/cmm/m/it/10 = \OMS/cmsy/m/
n/10 ^^C
 []


Overfull \hbox (97.73347pt too wide) in paragraph at lines 80--97
\OMS/cmsy/m/n/10 ^^C\OML/cmm/m/it/10 =blksize[]st[]lksize\OT1/cmr/m/n/10 ; \OML
/cmm/m/it/10 = \OMS/cmsy/m/n/10 ^^C
 []


Overfull \hbox (12.77782pt too wide) in paragraph at lines 80--97
\OMS/cmsy/m/n/10 ^^@ ^^C
 []


Overfull \hbox (84.77838pt too wide) in paragraph at lines 80--97
\OML/cmm/m/it/10 =blkcnt[]st[]locks\OT1/cmr/m/n/10 ; \OML/cmm/m/it/10 = \OMS/cm
sy/m/n/10 ^^C
 []


Overfull \hbox (22.77785pt too wide) in paragraph at lines 80--97
\OT1/cmr/m/n/10 512 \OMS/cmsy/m/n/10 ^^@
 []


Overfull \hbox (210.2498pt too wide) in paragraph at lines 80--97
\OMS/cmsy/m/n/10 ^^C\OML/cmm/m/it/10 =union[]\OT1/cmr/m/n/10 ; \OML/cmm/m/it/10
 = \OMS/cmsy/m/n/10 ^^C
 []


Overfull \hbox (215.76674pt too wide) in paragraph at lines 80--97
\OMS/cmsy/m/n/10 ^^C\OML/cmm/m/it/10 =union[]\OT1/cmr/m/n/10 ; \OML/cmm/m/it/10
 = \OMS/cmsy/m/n/10 ^^C
 []


Overfull \hbox (208.722pt too wide) in paragraph at lines 80--97
\OMS/cmsy/m/n/10 ^^C\OML/cmm/m/it/10 =union[]\OT1/cmr/m/n/10 ; \OML/cmm/m/it/10
 = \OMS/cmsy/m/n/10 ^^C
 []


Overfull \hbox (12.77782pt too wide) in paragraph at lines 80--97
\OMS/cmsy/m/n/10 ^^C\OML/cmm/m/it/10 =\OT1/cmr/m/n/10 ;$ 
 []




! LaTeX Error: The font size command \normalsize is not defined:
               there is probably something wrong with the class file.

See the LaTeX manual or LaTeX Companion for explanation.
Type  H <return>  for immediate help.
 ...                                              
                                                  
l.98 \newpage
             
? 
[1{/usr/local/texlive/2025/texmf-var/fonts/map/pdftex/updmap/pdftex.map}]
! Undefined control sequence.
l.99 \chapter
             {Программа №1}
? 

! LaTeX Error: Unicode character П (U+041F)
               not set up for use with LaTeX.

See the LaTeX manual or LaTeX Companion for explanation.
Type  H <return>  for immediate help.
 ...                                              
                                                  
l.99 \chapter{П
                рограмма №1}
? 

! LaTeX Error: Unicode character р (U+0440)
               not set up for use with LaTeX.

See the LaTeX manual or LaTeX Companion for explanation.
Type  H <return>  for immediate help.
 ...                                              
                                                  
l.99 \chapter{Пр
                  ограмма №1}
? 

! LaTeX Error: Unicode character о (U+043E)
               not set up for use with LaTeX.

See the LaTeX manual or LaTeX Companion for explanation.
Type  H <return>  for immediate help.
 ...                                              
                                                  
l.99 \chapter{Про
                    грамма №1}
? 

! LaTeX Error: Unicode character г (U+0433)
               not set up for use with LaTeX.

See the LaTeX manual or LaTeX Companion for explanation.
Type  H <return>  for immediate help.
 ...                                              
                                                  
l.99 \chapter{Прог
                      рамма №1}
? 

! LaTeX Error: Unicode character р (U+0440)
               not set up for use with LaTeX.

See the LaTeX manual or LaTeX Companion for explanation.
Type  H <return>  for immediate help.
 ...                                              
                                                  
l.99 \chapter{Прогр
                        амма №1}
? 

! LaTeX Error: Unicode character а (U+0430)
               not set up for use with LaTeX.

See the LaTeX manual or LaTeX Companion for explanation.
Type  H <return>  for immediate help.
 ...                                              
                                                  
l.99 \chapter{Програ
                          мма №1}
? 

! LaTeX Error: Unicode character м (U+043C)
               not set up for use with LaTeX.

See the LaTeX manual or LaTeX Companion for explanation.
Type  H <return>  for immediate help.
 ...                                              
                                                  
l.99 \chapter{Програм
                            ма №1}
? 

! LaTeX Error: Unicode character м (U+043C)
               not set up for use with LaTeX.

See the LaTeX manual or LaTeX Companion for explanation.
Type  H <return>  for immediate help.
 ...                                              
                                                  
l.99 \chapter{Программ
                              а №1}
? 

! LaTeX Error: Unicode character а (U+0430)
               not set up for use with LaTeX.

See the LaTeX manual or LaTeX Companion for explanation.
Type  H <return>  for immediate help.
 ...                                              
                                                  
l.99 \chapter{Программа
                                 №1}
? 

! LaTeX Error: Missing \begin{document}.

See the LaTeX manual or LaTeX Companion for explanation.
Type  H <return>  for immediate help.
 ...                                              
                                                  
l.99 \chapter{Программа №
                                    1}
? 
Missing character: There is no 1 in font nullfont!

Overfull \hbox (29.16443pt too wide) in paragraph at lines 99--100
[]\TS1/cmr/m/n/10 � 
 []

! Undefined control sequence.
l.101 \section
              {Код программы}
? 

! LaTeX Error: Unicode character К (U+041A)
               not set up for use with LaTeX.

See the LaTeX manual or LaTeX Companion for explanation.
Type  H <return>  for immediate help.
 ...                                              
                                                  
l.101 \section{К
                 од программы}
? 

! LaTeX Error: Unicode character о (U+043E)
               not set up for use with LaTeX.

See the LaTeX manual or LaTeX Companion for explanation.
Type  H <return>  for immediate help.
 ...                                              
                                                  
l.101 \section{Ко
                   д программы}
? 

! LaTeX Error: Unicode character д (U+0434)
               not set up for use with LaTeX.

See the LaTeX manual or LaTeX Companion for explanation.
Type  H <return>  for immediate help.
 ...                                              
                                                  
l.101 \section{Код
                      программы}
? 

! LaTeX Error: Unicode character п (U+043F)
               not set up for use with LaTeX.

See the LaTeX manual or LaTeX Companion for explanation.
Type  H <return>  for immediate help.
 ...                                              
                                                  
l.101 \section{Код п
                        рограммы}
? 

! LaTeX Error: Unicode character р (U+0440)
               not set up for use with LaTeX.

See the LaTeX manual or LaTeX Companion for explanation.
Type  H <return>  for immediate help.
 ...                                              
                                                  
l.101 \section{Код пр
                          ограммы}
? 

! LaTeX Error: Unicode character о (U+043E)
               not set up for use with LaTeX.

See the LaTeX manual or LaTeX Companion for explanation.
Type  H <return>  for immediate help.
 ...                                              
                                                  
l.101 \section{Код про
                            граммы}
? 

! LaTeX Error: Unicode character г (U+0433)
               not set up for use with LaTeX.

See the LaTeX manual or LaTeX Companion for explanation.
Type  H <return>  for immediate help.
 ...                                              
                                                  
l.101 \section{Код прог
                              раммы}
? 

! LaTeX Error: Unicode character р (U+0440)
               not set up for use with LaTeX.

See the LaTeX manual or LaTeX Companion for explanation.
Type  H <return>  for immediate help.
 ...                                              
                                                  
l.101 \section{Код прогр
                                аммы}
? 

! LaTeX Error: Unicode character а (U+0430)
               not set up for use with LaTeX.

See the LaTeX manual or LaTeX Companion for explanation.
Type  H <return>  for immediate help.
 ...                                              
                                                  
l.101 \section{Код програ
                                  ммы}
? 

! LaTeX Error: Unicode character м (U+043C)
               not set up for use with LaTeX.

See the LaTeX manual or LaTeX Companion for explanation.
Type  H <return>  for immediate help.
 ...                                              
                                                  
l.101 \section{Код програм
                                    мы}
? 

! LaTeX Error: Unicode character м (U+043C)
               not set up for use with LaTeX.

See the LaTeX manual or LaTeX Companion for explanation.
Type  H <return>  for immediate help.
 ...                                              
                                                  
l.101 \section{Код программ
                                      ы}
? 

! LaTeX Error: Unicode character ы (U+044B)
               not set up for use with LaTeX.

See the LaTeX manual or LaTeX Companion for explanation.
Type  H <return>  for immediate help.
 ...                                              
                                                  
l.101 \section{Код программы
                                        }
? 

! LaTeX Error: Environment mylisting undefined.

See the LaTeX manual or LaTeX Companion for explanation.
Type  H <return>  for immediate help.
 ...                                              
                                                  
l.103 \begin{mylisting}
                       {Код первой программы}{code:p1}{C}
? 

! LaTeX Error: Unicode character К (U+041A)
               not set up for use with LaTeX.

See the LaTeX manual or LaTeX Companion for explanation.
Type  H <return>  for immediate help.
 ...                                              
                                                  
l.103 \begin{mylisting}{К
                          од первой программы}{code:p1}{C}
? 

! LaTeX Error: Unicode character о (U+043E)
               not set up for use with LaTeX.

See the LaTeX manual or LaTeX Companion for explanation.
Type  H <return>  for immediate help.
 ...                                              
                                                  
l.103 \begin{mylisting}{Ко
                            д первой программы}{code:p1}{C}
? 

! LaTeX Error: Unicode character д (U+0434)
               not set up for use with LaTeX.

See the LaTeX manual or LaTeX Companion for explanation.
Type  H <return>  for immediate help.
 ...                                              
                                                  
l.103 \begin{mylisting}{Код
                               первой программы}{code:p1}{C}
? 

! LaTeX Error: Unicode character п (U+043F)
               not set up for use with LaTeX.

See the LaTeX manual or LaTeX Companion for explanation.
Type  H <return>  for immediate help.
 ...                                              
                                                  
l.103 \begin{mylisting}{Код п
                                 ервой программы}{code:p1}{C}
? 

! LaTeX Error: Unicode character е (U+0435)
               not set up for use with LaTeX.

See the LaTeX manual or LaTeX Companion for explanation.
Type  H <return>  for immediate help.
 ...                                              
                                                  
l.103 \begin{mylisting}{Код пе
                                   рвой программы}{code:p1}{C}
? 

! LaTeX Error: Unicode character р (U+0440)
               not set up for use with LaTeX.

See the LaTeX manual or LaTeX Companion for explanation.
Type  H <return>  for immediate help.
 ...                                              
                                                  
l.103 \begin{mylisting}{Код пер
                                     вой программы}{code:p1}{C}
? 

! LaTeX Error: Unicode character в (U+0432)
               not set up for use with LaTeX.

See the LaTeX manual or LaTeX Companion for explanation.
Type  H <return>  for immediate help.
 ...                                              
                                                  
l.103 \begin{mylisting}{Код перв
                                       ой программы}{code:p1}{C}
? 

! LaTeX Error: Unicode character о (U+043E)
               not set up for use with LaTeX.

See the LaTeX manual or LaTeX Companion for explanation.
Type  H <return>  for immediate help.
 ...                                              
                                                  
l.103 \begin{mylisting}{Код перво
                                         й программы}{code:p1}{C}
? 

! LaTeX Error: Unicode character й (U+0439)
               not set up for use with LaTeX.

See the LaTeX manual or LaTeX Companion for explanation.
Type  H <return>  for immediate help.
 ...                                              
                                                  
l.103 \begin{mylisting}{Код первой
                                            программы}{code:p1}{C}
? 

! LaTeX Error: Unicode character п (U+043F)
               not set up for use with LaTeX.

See the LaTeX manual or LaTeX Companion for explanation.
Type  H <return>  for immediate help.
 ...                                              
                                                  
l.103 \begin{mylisting}{Код первой п
                                              рограммы}{code:p1}{C}
? 

! LaTeX Error: Unicode character р (U+0440)
               not set up for use with LaTeX.

See the LaTeX manual or LaTeX Companion for explanation.
Type  H <return>  for immediate help.
 ...                                              
                                                  
l.103 \begin{mylisting}{Код первой пр
                                                ограммы}{code:p1}{C}
? 

! LaTeX Error: Unicode character о (U+043E)
               not set up for use with LaTeX.

See the LaTeX manual or LaTeX Companion for explanation.
Type  H <return>  for immediate help.
 ...                                              
                                                  
l.103 \begin{mylisting}{Код первой про
                                                  граммы}{code:p1}{C}
? 

! LaTeX Error: Unicode character г (U+0433)
               not set up for use with LaTeX.

See the LaTeX manual or LaTeX Companion for explanation.
Type  H <return>  for immediate help.
 ...                                              
                                                  
l.103 ...n{mylisting}{Код первой прог
                                                  раммы}{code:p1}{C}
? 

! LaTeX Error: Unicode character р (U+0440)
               not set up for use with LaTeX.

See the LaTeX manual or LaTeX Companion for explanation.
Type  H <return>  for immediate help.
 ...                                              
                                                  
l.103 ...mylisting}{Код первой прогр
                                                  аммы}{code:p1}{C}
? 

! LaTeX Error: Unicode character а (U+0430)
               not set up for use with LaTeX.

See the LaTeX manual or LaTeX Companion for explanation.
Type  H <return>  for immediate help.
 ...                                              
                                                  
l.103 ...listing}{Код первой програ
                                                  ммы}{code:p1}{C}
? 

! LaTeX Error: Unicode character м (U+043C)
               not set up for use with LaTeX.

See the LaTeX manual or LaTeX Companion for explanation.
Type  H <return>  for immediate help.
 ...                                              
                                                  
l.103 ...sting}{Код первой програм
                                                  мы}{code:p1}{C}
? 

! LaTeX Error: Unicode character м (U+043C)
               not set up for use with LaTeX.

See the LaTeX manual or LaTeX Companion for explanation.
Type  H <return>  for immediate help.
 ...                                              
                                                  
l.103 ...ing}{Код первой программ
                                                  ы}{code:p1}{C}
? 

! LaTeX Error: Unicode character ы (U+044B)
               not set up for use with LaTeX.

See the LaTeX manual or LaTeX Companion for explanation.
Type  H <return>  for immediate help.
 ...                                              
                                                  
l.103 ...g}{Код первой программы
                                                  }{code:p1}{C}
? 

! LaTeX Error: Missing \begin{document}.

See the LaTeX manual or LaTeX Companion for explanation.
Type  H <return>  for immediate help.
 ...                                              
                                                  
l.103 ...Код первой программы}{c
                                                  ode:p1}{C}
? 
Missing character: There is no c in font nullfont!
Missing character: There is no o in font nullfont!
Missing character: There is no d in font nullfont!
Missing character: There is no e in font nullfont!
Missing character: There is no : in font nullfont!
Missing character: There is no p in font nullfont!
Missing character: There is no 1 in font nullfont!
Missing character: There is no C in font nullfont!
! You can't use `macro parameter character #' in horizontal mode.
l.104 #
       include <stdio.h>
? 
Missing character: There is no i in font nullfont!
Missing character: There is no n in font nullfont!
Missing character: There is no c in font nullfont!
Missing character: There is no l in font nullfont!
Missing character: There is no u in font nullfont!
Missing character: There is no d in font nullfont!
Missing character: There is no e in font nullfont!
Missing character: There is no < in font nullfont!
Missing character: There is no s in font nullfont!
Missing character: There is no t in font nullfont!
Missing character: There is no d in font nullfont!
Missing character: There is no i in font nullfont!
Missing character: There is no o in font nullfont!
Missing character: There is no . in font nullfont!
Missing character: There is no h in font nullfont!
Missing character: There is no > in font nullfont!
! You can't use `macro parameter character #' in horizontal mode.
l.105 #
       include <fcntl.h>
? 
Missing character: There is no i in font nullfont!
Missing character: There is no n in font nullfont!
Missing character: There is no c in font nullfont!
Missing character: There is no l in font nullfont!
Missing character: There is no u in font nullfont!
Missing character: There is no d in font nullfont!
Missing character: There is no e in font nullfont!
Missing character: There is no < in font nullfont!
Missing character: There is no f in font nullfont!
Missing character: There is no c in font nullfont!
Missing character: There is no n in font nullfont!
Missing character: There is no t in font nullfont!
Missing character: There is no l in font nullfont!
Missing character: There is no . in font nullfont!
Missing character: There is no h in font nullfont!
Missing character: There is no > in font nullfont!

Overfull \hbox (20.0pt too wide) in paragraph at lines 103--106
[]
 []


! LaTeX Error: Missing \begin{document}.

See the LaTeX manual or LaTeX Companion for explanation.
Type  H <return>  for immediate help.
 ...                                              
                                                  
l.107 i
       nt main()
? 
Missing character: There is no i in font nullfont!
Missing character: There is no n in font nullfont!
Missing character: There is no t in font nullfont!
Missing character: There is no m in font nullfont!
Missing character: There is no a in font nullfont!
Missing character: There is no i in font nullfont!
Missing character: There is no n in font nullfont!
Missing character: There is no ( in font nullfont!
Missing character: There is no ) in font nullfont!
Missing character: There is no i in font nullfont!
Missing character: There is no n in font nullfont!
Missing character: There is no t in font nullfont!
Missing character: There is no f in font nullfont!
Missing character: There is no d in font nullfont!
Missing character: There is no = in font nullfont!
Missing character: There is no o in font nullfont!
Missing character: There is no p in font nullfont!
Missing character: There is no e in font nullfont!
Missing character: There is no n in font nullfont!
Missing character: There is no ( in font nullfont!
Missing character: There is no " in font nullfont!
Missing character: There is no a in font nullfont!
Missing character: There is no l in font nullfont!
Missing character: There is no p in font nullfont!
Missing character: There is no h in font nullfont!
Missing character: There is no a in font nullfont!
Missing character: There is no b in font nullfont!
Missing character: There is no e in font nullfont!
Missing character: There is no t in font nullfont!
Missing character: There is no . in font nullfont!
Missing character: There is no t in font nullfont!
Missing character: There is no x in font nullfont!
Missing character: There is no t in font nullfont!
Missing character: There is no " in font nullfont!
Missing character: There is no , in font nullfont!
Missing character: There is no O in font nullfont!
! Missing $ inserted.
<inserted text> 
                $
l.109 	int fd = open("alphabet.txt",O_
                                      RDONLY);
? 
! Missing $ inserted.
<inserted text> 
                $
l.110 	
       
? 

Overfull \hbox (20.0pt too wide) in paragraph at lines 107--110
[]
 []


Overfull \hbox (53.6476pt too wide) in paragraph at lines 107--110
[]\OML/cmm/m/it/10 DONLY\OT1/cmr/m/n/10 );$ 
 []


! LaTeX Error: Missing \begin{document}.

See the LaTeX manual or LaTeX Companion for explanation.
Type  H <return>  for immediate help.
 ...                                              
                                                  
l.111 	F
        ILE *fs1 = fdopen(fd,"r");
? 
Missing character: There is no F in font nullfont!
Missing character: There is no I in font nullfont!
Missing character: There is no L in font nullfont!
Missing character: There is no E in font nullfont!
Missing character: There is no * in font nullfont!
Missing character: There is no f in font nullfont!
Missing character: There is no s in font nullfont!
Missing character: There is no 1 in font nullfont!
Missing character: There is no = in font nullfont!
Missing character: There is no f in font nullfont!
Missing character: There is no d in font nullfont!
Missing character: There is no o in font nullfont!
Missing character: There is no p in font nullfont!
Missing character: There is no e in font nullfont!
Missing character: There is no n in font nullfont!
Missing character: There is no ( in font nullfont!
Missing character: There is no f in font nullfont!
Missing character: There is no d in font nullfont!
Missing character: There is no , in font nullfont!
Missing character: There is no " in font nullfont!
Missing character: There is no r in font nullfont!
Missing character: There is no " in font nullfont!
Missing character: There is no ) in font nullfont!
Missing character: There is no ; in font nullfont!
Missing character: There is no c in font nullfont!
Missing character: There is no h in font nullfont!
Missing character: There is no a in font nullfont!
Missing character: There is no r in font nullfont!
Missing character: There is no b in font nullfont!
Missing character: There is no u in font nullfont!
Missing character: There is no f in font nullfont!
Missing character: There is no f in font nullfont!
Missing character: There is no 1 in font nullfont!
Missing character: There is no [ in font nullfont!
Missing character: There is no 2 in font nullfont!
Missing character: There is no 0 in font nullfont!
Missing character: There is no ] in font nullfont!
Missing character: There is no ; in font nullfont!
Missing character: There is no s in font nullfont!
Missing character: There is no e in font nullfont!
Missing character: There is no t in font nullfont!
Missing character: There is no v in font nullfont!
Missing character: There is no b in font nullfont!
Missing character: There is no u in font nullfont!
Missing character: There is no f in font nullfont!
Missing character: There is no ( in font nullfont!
Missing character: There is no f in font nullfont!
Missing character: There is no s in font nullfont!
Missing character: There is no 1 in font nullfont!
Missing character: There is no , in font nullfont!
Missing character: There is no b in font nullfont!
Missing character: There is no u in font nullfont!
Missing character: There is no f in font nullfont!
Missing character: There is no f in font nullfont!
Missing character: There is no 1 in font nullfont!
Missing character: There is no , in font nullfont!
! Missing $ inserted.
<inserted text> 
                $
l.113 	setvbuf(fs1,buff1,_
                          IOFBF,20);
? 
! Missing $ inserted.
<inserted text> 
                $
l.114 	
       
? 

Overfull \hbox (20.0pt too wide) in paragraph at lines 111--114
[]
 []


Overfull \hbox (56.21948pt too wide) in paragraph at lines 111--114
[]\OML/cmm/m/it/10 OFBF; \OT1/cmr/m/n/10 20);$ 
 []


! LaTeX Error: Missing \begin{document}.

See the LaTeX manual or LaTeX Companion for explanation.
Type  H <return>  for immediate help.
 ...                                              
                                                  
l.115 	F
        ILE *fs2 = fdopen(fd,"r");
? 
Missing character: There is no F in font nullfont!
Missing character: There is no I in font nullfont!
Missing character: There is no L in font nullfont!
Missing character: There is no E in font nullfont!
Missing character: There is no * in font nullfont!
Missing character: There is no f in font nullfont!
Missing character: There is no s in font nullfont!
Missing character: There is no 2 in font nullfont!
Missing character: There is no = in font nullfont!
Missing character: There is no f in font nullfont!
Missing character: There is no d in font nullfont!
Missing character: There is no o in font nullfont!
Missing character: There is no p in font nullfont!
Missing character: There is no e in font nullfont!
Missing character: There is no n in font nullfont!
Missing character: There is no ( in font nullfont!
Missing character: There is no f in font nullfont!
Missing character: There is no d in font nullfont!
Missing character: There is no , in font nullfont!
Missing character: There is no " in font nullfont!
Missing character: There is no r in font nullfont!
Missing character: There is no " in font nullfont!
Missing character: There is no ) in font nullfont!
Missing character: There is no ; in font nullfont!
Missing character: There is no c in font nullfont!
Missing character: There is no h in font nullfont!
Missing character: There is no a in font nullfont!
Missing character: There is no r in font nullfont!
Missing character: There is no b in font nullfont!
Missing character: There is no u in font nullfont!
Missing character: There is no f in font nullfont!
Missing character: There is no f in font nullfont!
Missing character: There is no 2 in font nullfont!
Missing character: There is no [ in font nullfont!
Missing character: There is no 2 in font nullfont!
Missing character: There is no 0 in font nullfont!
Missing character: There is no ] in font nullfont!
Missing character: There is no ; in font nullfont!
Missing character: There is no s in font nullfont!
Missing character: There is no e in font nullfont!
Missing character: There is no t in font nullfont!
Missing character: There is no v in font nullfont!
Missing character: There is no b in font nullfont!
Missing character: There is no u in font nullfont!
Missing character: There is no f in font nullfont!
Missing character: There is no ( in font nullfont!
Missing character: There is no f in font nullfont!
Missing character: There is no s in font nullfont!
Missing character: There is no 2 in font nullfont!
Missing character: There is no , in font nullfont!
Missing character: There is no b in font nullfont!
Missing character: There is no u in font nullfont!
Missing character: There is no f in font nullfont!
Missing character: There is no f in font nullfont!
Missing character: There is no 2 in font nullfont!
Missing character: There is no , in font nullfont!
! Missing $ inserted.
<inserted text> 
                $
l.117 	setvbuf(fs2,buff2,_
                          IOFBF,20);
? 
! Missing $ inserted.
<inserted text> 
                $
l.118 	
       
? 

Overfull \hbox (20.0pt too wide) in paragraph at lines 115--118
[]
 []


Overfull \hbox (56.21948pt too wide) in paragraph at lines 115--118
[]\OML/cmm/m/it/10 OFBF; \OT1/cmr/m/n/10 20);$ 
 []


! LaTeX Error: Missing \begin{document}.

See the LaTeX manual or LaTeX Companion for explanation.
Type  H <return>  for immediate help.
 ...                                              
                                                  
l.119 	i
        nt flag1 = 1, flag2 = 2;
? 
Missing character: There is no i in font nullfont!
Missing character: There is no n in font nullfont!
Missing character: There is no t in font nullfont!
Missing character: There is no f in font nullfont!
Missing character: There is no l in font nullfont!
Missing character: There is no a in font nullfont!
Missing character: There is no g in font nullfont!
Missing character: There is no 1 in font nullfont!
Missing character: There is no = in font nullfont!
Missing character: There is no 1 in font nullfont!
Missing character: There is no , in font nullfont!
Missing character: There is no f in font nullfont!
Missing character: There is no l in font nullfont!
Missing character: There is no a in font nullfont!
Missing character: There is no g in font nullfont!
Missing character: There is no 2 in font nullfont!
Missing character: There is no = in font nullfont!
Missing character: There is no 2 in font nullfont!
Missing character: There is no ; in font nullfont!
Missing character: There is no w in font nullfont!
Missing character: There is no h in font nullfont!
Missing character: There is no i in font nullfont!
Missing character: There is no l in font nullfont!
Missing character: There is no e in font nullfont!
Missing character: There is no ( in font nullfont!
Missing character: There is no f in font nullfont!
Missing character: There is no l in font nullfont!
Missing character: There is no a in font nullfont!
Missing character: There is no g in font nullfont!
Missing character: There is no 1 in font nullfont!
Missing character: There is no = in font nullfont!
Missing character: There is no = in font nullfont!
Missing character: There is no 1 in font nullfont!
Missing character: There is no | in font nullfont!
Missing character: There is no | in font nullfont!
Missing character: There is no f in font nullfont!
Missing character: There is no l in font nullfont!
Missing character: There is no a in font nullfont!
Missing character: There is no g in font nullfont!
Missing character: There is no 2 in font nullfont!
Missing character: There is no = in font nullfont!
Missing character: There is no = in font nullfont!
Missing character: There is no 1 in font nullfont!
Missing character: There is no ) in font nullfont!
Missing character: There is no c in font nullfont!
Missing character: There is no h in font nullfont!
Missing character: There is no a in font nullfont!
Missing character: There is no r in font nullfont!
Missing character: There is no c in font nullfont!
Missing character: There is no ; in font nullfont!
Missing character: There is no f in font nullfont!
Missing character: There is no l in font nullfont!
Missing character: There is no a in font nullfont!
Missing character: There is no g in font nullfont!
Missing character: There is no 1 in font nullfont!
Missing character: There is no = in font nullfont!
Missing character: There is no f in font nullfont!
Missing character: There is no s in font nullfont!
Missing character: There is no c in font nullfont!
Missing character: There is no a in font nullfont!
Missing character: There is no n in font nullfont!
Missing character: There is no f in font nullfont!
Missing character: There is no ( in font nullfont!
Missing character: There is no f in font nullfont!
Missing character: There is no s in font nullfont!
Missing character: There is no 1 in font nullfont!
Missing character: There is no , in font nullfont!
Missing character: There is no " in font nullfont!
Missing character: There is no i in font nullfont!
Missing character: There is no f in font nullfont!
Missing character: There is no ( in font nullfont!
Missing character: There is no f in font nullfont!
Missing character: There is no l in font nullfont!
Missing character: There is no a in font nullfont!
Missing character: There is no g in font nullfont!
Missing character: There is no 1 in font nullfont!
Missing character: There is no = in font nullfont!
Missing character: There is no = in font nullfont!
Missing character: There is no 1 in font nullfont!
Missing character: There is no ) in font nullfont!
Missing character: There is no f in font nullfont!
Missing character: There is no p in font nullfont!
Missing character: There is no r in font nullfont!
Missing character: There is no i in font nullfont!
Missing character: There is no n in font nullfont!
Missing character: There is no t in font nullfont!
Missing character: There is no f in font nullfont!
Missing character: There is no ( in font nullfont!
Missing character: There is no s in font nullfont!
Missing character: There is no t in font nullfont!
Missing character: There is no d in font nullfont!
Missing character: There is no o in font nullfont!
Missing character: There is no u in font nullfont!
Missing character: There is no t in font nullfont!
Missing character: There is no , in font nullfont!
Missing character: There is no " in font nullfont!
Missing character: There is no f in font nullfont!
Missing character: There is no l in font nullfont!
Missing character: There is no a in font nullfont!
Missing character: There is no g in font nullfont!
Missing character: There is no 2 in font nullfont!
Missing character: There is no = in font nullfont!
Missing character: There is no f in font nullfont!
Missing character: There is no s in font nullfont!
Missing character: There is no c in font nullfont!
Missing character: There is no a in font nullfont!
Missing character: There is no n in font nullfont!
Missing character: There is no f in font nullfont!
Missing character: There is no ( in font nullfont!
Missing character: There is no f in font nullfont!
Missing character: There is no s in font nullfont!
Missing character: There is no 2 in font nullfont!
Missing character: There is no , in font nullfont!
Missing character: There is no " in font nullfont!
Missing character: There is no i in font nullfont!
Missing character: There is no f in font nullfont!
Missing character: There is no ( in font nullfont!
Missing character: There is no f in font nullfont!
Missing character: There is no l in font nullfont!
Missing character: There is no a in font nullfont!
Missing character: There is no g in font nullfont!
Missing character: There is no 2 in font nullfont!
Missing character: There is no = in font nullfont!
Missing character: There is no = in font nullfont!
Missing character: There is no 1 in font nullfont!
Missing character: There is no ) in font nullfont!
Missing character: There is no f in font nullfont!
Missing character: There is no p in font nullfont!
Missing character: There is no r in font nullfont!
Missing character: There is no i in font nullfont!
Missing character: There is no n in font nullfont!
Missing character: There is no t in font nullfont!
Missing character: There is no f in font nullfont!
Missing character: There is no ( in font nullfont!
Missing character: There is no s in font nullfont!
Missing character: There is no t in font nullfont!
Missing character: There is no d in font nullfont!
Missing character: There is no o in font nullfont!
Missing character: There is no u in font nullfont!
Missing character: There is no t in font nullfont!
Missing character: There is no , in font nullfont!
Missing character: There is no " in font nullfont!
Missing character: There is no r in font nullfont!
Missing character: There is no e in font nullfont!
Missing character: There is no t in font nullfont!
Missing character: There is no u in font nullfont!
Missing character: There is no r in font nullfont!
Missing character: There is no n in font nullfont!
Missing character: There is no 0 in font nullfont!
Missing character: There is no ; in font nullfont!

! LaTeX Error: \begin{document} ended by \end{mylisting}.

See the LaTeX manual or LaTeX Companion for explanation.
Type  H <return>  for immediate help.
 ...                                              
                                                  
l.136 \end{mylisting}
                     
? 

Overfull \hbox (20.0pt too wide) in paragraph at lines 119--137
[]
 []

! Undefined control sequence.
l.138 \section
              {Результат работы программы}
? 

! LaTeX Error: Unicode character Р (U+0420)
               not set up for use with LaTeX.

See the LaTeX manual or LaTeX Companion for explanation.
Type  H <return>  for immediate help.
 ...                                              
                                                  
l.138 \section{Р
                 езультат работы программы}
? 

! LaTeX Error: Unicode character е (U+0435)
               not set up for use with LaTeX.

See the LaTeX manual or LaTeX Companion for explanation.
Type  H <return>  for immediate help.
 ...                                              
                                                  
l.138 \section{Ре
                   зультат работы программы}
? 

! LaTeX Error: Unicode character з (U+0437)
               not set up for use with LaTeX.

See the LaTeX manual or LaTeX Companion for explanation.
Type  H <return>  for immediate help.
 ...                                              
                                                  
l.138 \section{Рез
                     ультат работы программы}
? 

! LaTeX Error: Unicode character у (U+0443)
               not set up for use with LaTeX.

See the LaTeX manual or LaTeX Companion for explanation.
Type  H <return>  for immediate help.
 ...                                              
                                                  
l.138 \section{Резу
                       льтат работы программы}
? 

! LaTeX Error: Unicode character л (U+043B)
               not set up for use with LaTeX.

See the LaTeX manual or LaTeX Companion for explanation.
Type  H <return>  for immediate help.
 ...                                              
                                                  
l.138 \section{Резул
                         ьтат работы программы}
? 

! LaTeX Error: Unicode character ь (U+044C)
               not set up for use with LaTeX.

See the LaTeX manual or LaTeX Companion for explanation.
Type  H <return>  for immediate help.
 ...                                              
                                                  
l.138 \section{Резуль
                           тат работы программы}
? 

! LaTeX Error: Unicode character т (U+0442)
               not set up for use with LaTeX.

See the LaTeX manual or LaTeX Companion for explanation.
Type  H <return>  for immediate help.
 ...                                              
                                                  
l.138 \section{Результ
                             ат работы программы}
? 

! LaTeX Error: Unicode character а (U+0430)
               not set up for use with LaTeX.

See the LaTeX manual or LaTeX Companion for explanation.
Type  H <return>  for immediate help.
 ...                                              
                                                  
l.138 \section{Результа
                               т работы программы}
? 

! LaTeX Error: Unicode character т (U+0442)
               not set up for use with LaTeX.

See the LaTeX manual or LaTeX Companion for explanation.
Type  H <return>  for immediate help.
 ...                                              
                                                  
l.138 \section{Результат
                                  работы программы}
? 

! LaTeX Error: Unicode character р (U+0440)
               not set up for use with LaTeX.

See the LaTeX manual or LaTeX Companion for explanation.
Type  H <return>  for immediate help.
 ...                                              
                                                  
l.138 \section{Результат р
                                    аботы программы}
? 

! LaTeX Error: Unicode character а (U+0430)
               not set up for use with LaTeX.

See the LaTeX manual or LaTeX Companion for explanation.
Type  H <return>  for immediate help.
 ...                                              
                                                  
l.138 \section{Результат ра
                                      боты программы}
? 

! LaTeX Error: Unicode character б (U+0431)
               not set up for use with LaTeX.

See the LaTeX manual or LaTeX Companion for explanation.
Type  H <return>  for immediate help.
 ...                                              
                                                  
l.138 \section{Результат раб
                                        оты программы}
? 

! LaTeX Error: Unicode character о (U+043E)
               not set up for use with LaTeX.

See the LaTeX manual or LaTeX Companion for explanation.
Type  H <return>  for immediate help.
 ...                                              
                                                  
l.138 \section{Результат рабо
                                          ты программы}
? 

! LaTeX Error: Unicode character т (U+0442)
               not set up for use with LaTeX.

See the LaTeX manual or LaTeX Companion for explanation.
Type  H <return>  for immediate help.
 ...                                              
                                                  
l.138 \section{Результат работ
                                            ы программы}
? 

! LaTeX Error: Unicode character ы (U+044B)
               not set up for use with LaTeX.

See the LaTeX manual or LaTeX Companion for explanation.
Type  H <return>  for immediate help.
 ...                                              
                                                  
l.138 \section{Результат работы
                                               программы}
? 

! LaTeX Error: Unicode character п (U+043F)
               not set up for use with LaTeX.

See the LaTeX manual or LaTeX Companion for explanation.
Type  H <return>  for immediate help.
 ...                                              
                                                  
l.138 \section{Результат работы п
                                                 рограммы}
? 

! LaTeX Error: Unicode character р (U+0440)
               not set up for use with LaTeX.

See the LaTeX manual or LaTeX Companion for explanation.
Type  H <return>  for immediate help.
 ...                                              
                                                  
l.138 ...tion{Результат работы пр
                                                  ограммы}
? 

! LaTeX Error: Unicode character о (U+043E)
               not set up for use with LaTeX.

See the LaTeX manual or LaTeX Companion for explanation.
Type  H <return>  for immediate help.
 ...                                              
                                                  
l.138 ...on{Результат работы про
                                                  граммы}
? 

! LaTeX Error: Unicode character г (U+0433)
               not set up for use with LaTeX.

See the LaTeX manual or LaTeX Companion for explanation.
Type  H <return>  for immediate help.
 ...                                              
                                                  
l.138 ...{Результат работы прог
                                                  раммы}
? 

! LaTeX Error: Unicode character р (U+0440)
               not set up for use with LaTeX.

See the LaTeX manual or LaTeX Companion for explanation.
Type  H <return>  for immediate help.
 ...                                              
                                                  
l.138 ...�езультат работы прогр
                                                  аммы}
? 

! LaTeX Error: Unicode character а (U+0430)
               not set up for use with LaTeX.

See the LaTeX manual or LaTeX Companion for explanation.
Type  H <return>  for immediate help.
 ...                                              
                                                  
l.138 ...�зультат работы програ
                                                  ммы}
? 

! LaTeX Error: Unicode character м (U+043C)
               not set up for use with LaTeX.

See the LaTeX manual or LaTeX Companion for explanation.
Type  H <return>  for immediate help.
 ...                                              
                                                  
l.138 ...�ультат работы програм
                                                  мы}
? 

! LaTeX Error: Unicode character м (U+043C)
               not set up for use with LaTeX.

See the LaTeX manual or LaTeX Companion for explanation.
Type  H <return>  for immediate help.
 ...                                              
                                                  
l.138 ...�льтат работы программ
                                                  ы}
? 

! LaTeX Error: Unicode character ы (U+044B)
               not set up for use with LaTeX.

See the LaTeX manual or LaTeX Companion for explanation.
Type  H <return>  for immediate help.
 ...                                              
                                                  
l.138 ...�ьтат работы программы
                                                  }
? 
! Undefined control sequence.
l.140 \img
          {p1}{Результат работы первой программ...

? 

! LaTeX Error: Missing \begin{document}.

See the LaTeX manual or LaTeX Companion for explanation.
Type  H <return>  for immediate help.
 ...                                              
                                                  
l.140 \img{p
            1}{Результат работы первой программ...

? 
Missing character: There is no p in font nullfont!
Missing character: There is no 1 in font nullfont!

! LaTeX Error: Unicode character Р (U+0420)
               not set up for use with LaTeX.

See the LaTeX manual or LaTeX Companion for explanation.
Type  H <return>  for immediate help.
 ...                                              
                                                  
l.140 \img{p1}{Р
                 езультат работы первой программ...

? 

! LaTeX Error: Unicode character е (U+0435)
               not set up for use with LaTeX.

See the LaTeX manual or LaTeX Companion for explanation.
Type  H <return>  for immediate help.
 ...                                              
                                                  
l.140 \img{p1}{Ре
                   зультат работы первой программ...

? 

! LaTeX Error: Unicode character з (U+0437)
               not set up for use with LaTeX.

See the LaTeX manual or LaTeX Companion for explanation.
Type  H <return>  for immediate help.
 ...                                              
                                                  
l.140 \img{p1}{Рез
                     ультат работы первой программ...

? 

! LaTeX Error: Unicode character у (U+0443)
               not set up for use with LaTeX.

See the LaTeX manual or LaTeX Companion for explanation.
Type  H <return>  for immediate help.
 ...                                              
                                                  
l.140 \img{p1}{Резу
                       льтат работы первой программ...

? 

! LaTeX Error: Unicode character л (U+043B)
               not set up for use with LaTeX.

See the LaTeX manual or LaTeX Companion for explanation.
Type  H <return>  for immediate help.
 ...                                              
                                                  
l.140 \img{p1}{Резул
                         ьтат работы первой программ...

? 

! LaTeX Error: Unicode character ь (U+044C)
               not set up for use with LaTeX.

See the LaTeX manual or LaTeX Companion for explanation.
Type  H <return>  for immediate help.
 ...                                              
                                                  
l.140 \img{p1}{Резуль
                           тат работы первой программ...

? 

! LaTeX Error: Unicode character т (U+0442)
               not set up for use with LaTeX.

See the LaTeX manual or LaTeX Companion for explanation.
Type  H <return>  for immediate help.
 ...                                              
                                                  
l.140 \img{p1}{Результ
                             ат работы первой программ...

? 

! LaTeX Error: Unicode character а (U+0430)
               not set up for use with LaTeX.

See the LaTeX manual or LaTeX Companion for explanation.
Type  H <return>  for immediate help.
 ...                                              
                                                  
l.140 \img{p1}{Результа
                               т работы первой программ...

? 

! LaTeX Error: Unicode character т (U+0442)
               not set up for use with LaTeX.

See the LaTeX manual or LaTeX Companion for explanation.
Type  H <return>  for immediate help.
 ...                                              
                                                  
l.140 \img{p1}{Результат
                                  работы первой программ...

? 

! LaTeX Error: Unicode character р (U+0440)
               not set up for use with LaTeX.

See the LaTeX manual or LaTeX Companion for explanation.
Type  H <return>  for immediate help.
 ...                                              
                                                  
l.140 \img{p1}{Результат р
                                    аботы первой программ...

? 

! LaTeX Error: Unicode character а (U+0430)
               not set up for use with LaTeX.

See the LaTeX manual or LaTeX Companion for explanation.
Type  H <return>  for immediate help.
 ...                                              
                                                  
l.140 \img{p1}{Результат ра
                                      боты первой программ...

? 

! LaTeX Error: Unicode character б (U+0431)
               not set up for use with LaTeX.

See the LaTeX manual or LaTeX Companion for explanation.
Type  H <return>  for immediate help.
 ...                                              
                                                  
l.140 \img{p1}{Результат раб
                                        оты первой программ...

? 

! LaTeX Error: Unicode character о (U+043E)
               not set up for use with LaTeX.

See the LaTeX manual or LaTeX Companion for explanation.
Type  H <return>  for immediate help.
 ...                                              
                                                  
l.140 \img{p1}{Результат рабо
                                          ты первой программ...

? 

! LaTeX Error: Unicode character т (U+0442)
               not set up for use with LaTeX.

See the LaTeX manual or LaTeX Companion for explanation.
Type  H <return>  for immediate help.
 ...                                              
                                                  
l.140 \img{p1}{Результат работ
                                            ы первой программ...

? 

! LaTeX Error: Unicode character ы (U+044B)
               not set up for use with LaTeX.

See the LaTeX manual or LaTeX Companion for explanation.
Type  H <return>  for immediate help.
 ...                                              
                                                  
l.140 \img{p1}{Результат работы
                                               первой программ...

? 

! LaTeX Error: Unicode character п (U+043F)
               not set up for use with LaTeX.

See the LaTeX manual or LaTeX Companion for explanation.
Type  H <return>  for immediate help.
 ...                                              
                                                  
l.140 \img{p1}{Результат работы п
                                                 ервой программ...

? 

! LaTeX Error: Unicode character е (U+0435)
               not set up for use with LaTeX.

See the LaTeX manual or LaTeX Companion for explanation.
Type  H <return>  for immediate help.
 ...                                              
                                                  
l.140 ...{p1}{Результат работы пе
                                                  рвой программ�...

? 

! LaTeX Error: Unicode character р (U+0440)
               not set up for use with LaTeX.

See the LaTeX manual or LaTeX Companion for explanation.
Type  H <return>  for immediate help.
 ...                                              
                                                  
l.140 ...1}{Результат работы пер
                                                  вой программы}...

? 

! LaTeX Error: Unicode character в (U+0432)
               not set up for use with LaTeX.

See the LaTeX manual or LaTeX Companion for explanation.
Type  H <return>  for immediate help.
 ...                                              
                                                  
l.140 ...{Результат работы перв
                                                  ой программы}{p...

? 

! LaTeX Error: Unicode character о (U+043E)
               not set up for use with LaTeX.

See the LaTeX manual or LaTeX Companion for explanation.
Type  H <return>  for immediate help.
 ...                                              
                                                  
l.140 ...�езультат работы перво
                                                  й программы}{pic...

? 

! LaTeX Error: Unicode character й (U+0439)
               not set up for use with LaTeX.

See the LaTeX manual or LaTeX Companion for explanation.
Type  H <return>  for immediate help.
 ...                                              
                                                  
l.140 ...�зультат работы первой
                                                   программы}{pic:p1}
? 

! LaTeX Error: Unicode character п (U+043F)
               not set up for use with LaTeX.

See the LaTeX manual or LaTeX Companion for explanation.
Type  H <return>  for immediate help.
 ...                                              
                                                  
l.140 ...ультат работы первой п
                                                  рограммы}{pic:p1}
? 

! LaTeX Error: Unicode character р (U+0440)
               not set up for use with LaTeX.

See the LaTeX manual or LaTeX Companion for explanation.
Type  H <return>  for immediate help.
 ...                                              
                                                  
l.140 ...льтат работы первой пр
                                                  ограммы}{pic:p1}
? 

! LaTeX Error: Unicode character о (U+043E)
               not set up for use with LaTeX.

See the LaTeX manual or LaTeX Companion for explanation.
Type  H <return>  for immediate help.
 ...                                              
                                                  
l.140 ...ьтат работы первой про
                                                  граммы}{pic:p1}
? 

! LaTeX Error: Unicode character г (U+0433)
               not set up for use with LaTeX.

See the LaTeX manual or LaTeX Companion for explanation.
Type  H <return>  for immediate help.
 ...                                              
                                                  
l.140 ...тат работы первой прог
                                                  раммы}{pic:p1}
? 

! LaTeX Error: Unicode character р (U+0440)
               not set up for use with LaTeX.

See the LaTeX manual or LaTeX Companion for explanation.
Type  H <return>  for immediate help.
 ...                                              
                                                  
l.140 ...ат работы первой прогр
                                                  аммы}{pic:p1}
? 

! LaTeX Error: Unicode character а (U+0430)
               not set up for use with LaTeX.

See the LaTeX manual or LaTeX Companion for explanation.
Type  H <return>  for immediate help.
 ...                                              
                                                  
l.140 ...т работы первой програ
                                                  ммы}{pic:p1}
? 

! LaTeX Error: Unicode character м (U+043C)
               not set up for use with LaTeX.

See the LaTeX manual or LaTeX Companion for explanation.
Type  H <return>  for immediate help.
 ...                                              
                                                  
l.140 ... работы первой програм
                                                  мы}{pic:p1}
? 

! LaTeX Error: Unicode character м (U+043C)
               not set up for use with LaTeX.

See the LaTeX manual or LaTeX Companion for explanation.
Type  H <return>  for immediate help.
 ...                                              
                                                  
l.140 ...�аботы первой программ
                                                  ы}{pic:p1}
? 

! LaTeX Error: Unicode character ы (U+044B)
               not set up for use with LaTeX.

See the LaTeX manual or LaTeX Companion for explanation.
Type  H <return>  for immediate help.
 ...                                              
                                                  
l.140 ...�боты первой программы
                                                  }{pic:p1}
? 
Missing character: There is no p in font nullfont!
Missing character: There is no i in font nullfont!
Missing character: There is no c in font nullfont!
Missing character: There is no : in font nullfont!
Missing character: There is no p in font nullfont!
Missing character: There is no 1 in font nullfont!

Overfull \hbox (20.0pt too wide) in paragraph at lines 140--141
[]
 []

! Undefined control sequence.
l.142 \section
              {Анализ работы программы}
? 

! LaTeX Error: Unicode character А (U+0410)
               not set up for use with LaTeX.

See the LaTeX manual or LaTeX Companion for explanation.
Type  H <return>  for immediate help.
 ...                                              
                                                  
l.142 \section{А
                 нализ работы программы}
? 

! LaTeX Error: Unicode character н (U+043D)
               not set up for use with LaTeX.

See the LaTeX manual or LaTeX Companion for explanation.
Type  H <return>  for immediate help.
 ...                                              
                                                  
l.142 \section{Ан
                   ализ работы программы}
? 

! LaTeX Error: Unicode character а (U+0430)
               not set up for use with LaTeX.

See the LaTeX manual or LaTeX Companion for explanation.
Type  H <return>  for immediate help.
 ...                                              
                                                  
l.142 \section{Ана
                     лиз работы программы}
? 

! LaTeX Error: Unicode character л (U+043B)
               not set up for use with LaTeX.

See the LaTeX manual or LaTeX Companion for explanation.
Type  H <return>  for immediate help.
 ...                                              
                                                  
l.142 \section{Анал
                       из работы программы}
? 

! LaTeX Error: Unicode character и (U+0438)
               not set up for use with LaTeX.

See the LaTeX manual or LaTeX Companion for explanation.
Type  H <return>  for immediate help.
 ...                                              
                                                  
l.142 \section{Анали
                         з работы программы}
? 

! LaTeX Error: Unicode character з (U+0437)
               not set up for use with LaTeX.

See the LaTeX manual or LaTeX Companion for explanation.
Type  H <return>  for immediate help.
 ...                                              
                                                  
l.142 \section{Анализ
                            работы программы}
? 

! LaTeX Error: Unicode character р (U+0440)
               not set up for use with LaTeX.

See the LaTeX manual or LaTeX Companion for explanation.
Type  H <return>  for immediate help.
 ...                                              
                                                  
l.142 \section{Анализ р
                              аботы программы}
? 

! LaTeX Error: Unicode character а (U+0430)
               not set up for use with LaTeX.

See the LaTeX manual or LaTeX Companion for explanation.
Type  H <return>  for immediate help.
 ...                                              
                                                  
l.142 \section{Анализ ра
                                боты программы}
? 

! LaTeX Error: Unicode character б (U+0431)
               not set up for use with LaTeX.

See the LaTeX manual or LaTeX Companion for explanation.
Type  H <return>  for immediate help.
 ...                                              
                                                  
l.142 \section{Анализ раб
                                  оты программы}
? 

! LaTeX Error: Unicode character о (U+043E)
               not set up for use with LaTeX.

See the LaTeX manual or LaTeX Companion for explanation.
Type  H <return>  for immediate help.
 ...                                              
                                                  
l.142 \section{Анализ рабо
                                    ты программы}
? 

! LaTeX Error: Unicode character т (U+0442)
               not set up for use with LaTeX.

See the LaTeX manual or LaTeX Companion for explanation.
Type  H <return>  for immediate help.
 ...                                              
                                                  
l.142 \section{Анализ работ
                                      ы программы}
? 

! LaTeX Error: Unicode character ы (U+044B)
               not set up for use with LaTeX.

See the LaTeX manual or LaTeX Companion for explanation.
Type  H <return>  for immediate help.
 ...                                              
                                                  
l.142 \section{Анализ работы
                                         программы}
? 

! LaTeX Error: Unicode character п (U+043F)
               not set up for use with LaTeX.

See the LaTeX manual or LaTeX Companion for explanation.
Type  H <return>  for immediate help.
 ...                                              
                                                  
l.142 \section{Анализ работы п
                                           рограммы}
? 

! LaTeX Error: Unicode character р (U+0440)
               not set up for use with LaTeX.

See the LaTeX manual or LaTeX Companion for explanation.
Type  H <return>  for immediate help.
 ...                                              
                                                  
l.142 \section{Анализ работы пр
                                             ограммы}
? 

! LaTeX Error: Unicode character о (U+043E)
               not set up for use with LaTeX.

See the LaTeX manual or LaTeX Companion for explanation.
Type  H <return>  for immediate help.
 ...                                              
                                                  
l.142 \section{Анализ работы про
                                               граммы}
? 

! LaTeX Error: Unicode character г (U+0433)
               not set up for use with LaTeX.

See the LaTeX manual or LaTeX Companion for explanation.
Type  H <return>  for immediate help.
 ...                                              
                                                  
l.142 \section{Анализ работы прог
                                                 раммы}
? 

! LaTeX Error: Unicode character р (U+0440)
               not set up for use with LaTeX.

See the LaTeX manual or LaTeX Companion for explanation.
Type  H <return>  for immediate help.
 ...                                              
                                                  
l.142 ...tion{Анализ работы прогр
                                                  аммы}
? 

! LaTeX Error: Unicode character а (U+0430)
               not set up for use with LaTeX.

See the LaTeX manual or LaTeX Companion for explanation.
Type  H <return>  for immediate help.
 ...                                              
                                                  
l.142 ...on{Анализ работы програ
                                                  ммы}
? 

! LaTeX Error: Unicode character м (U+043C)
               not set up for use with LaTeX.

See the LaTeX manual or LaTeX Companion for explanation.
Type  H <return>  for immediate help.
 ...                                              
                                                  
l.142 ...{Анализ работы програм
                                                  мы}
? 

! LaTeX Error: Unicode character м (U+043C)
               not set up for use with LaTeX.

See the LaTeX manual or LaTeX Companion for explanation.
Type  H <return>  for immediate help.
 ...                                              
                                                  
l.142 ...�нализ работы программ
                                                  ы}
? 

! LaTeX Error: Unicode character ы (U+044B)
               not set up for use with LaTeX.

See the LaTeX manual or LaTeX Companion for explanation.
Type  H <return>  for immediate help.
 ...                                              
                                                  
l.142 ...�ализ работы программы
                                                  }
? 

! LaTeX Error: Unicode character С (U+0421)
               not set up for use with LaTeX.

See the LaTeX manual or LaTeX Companion for explanation.
Type  H <return>  for immediate help.
 ...                                              
                                                  
l.144 С
        истемный вызов open открывает файл alphabe...

? 

! LaTeX Error: Unicode character и (U+0438)
               not set up for use with LaTeX.

See the LaTeX manual or LaTeX Companion for explanation.
Type  H <return>  for immediate help.
 ...                                              
                                                  
l.144 Си
          стемный вызов open открывает файл alphabe...

? 

! LaTeX Error: Unicode character с (U+0441)
               not set up for use with LaTeX.

See the LaTeX manual or LaTeX Companion for explanation.
Type  H <return>  for immediate help.
 ...                                              
                                                  
l.144 Сис
            темный вызов open открывает файл alphabe...

? 

! LaTeX Error: Unicode character т (U+0442)
               not set up for use with LaTeX.

See the LaTeX manual or LaTeX Companion for explanation.
Type  H <return>  for immediate help.
 ...                                              
                                                  
l.144 Сист
              емный вызов open открывает файл alphabe...

? 

! LaTeX Error: Unicode character е (U+0435)
               not set up for use with LaTeX.

See the LaTeX manual or LaTeX Companion for explanation.
Type  H <return>  for immediate help.
 ...                                              
                                                  
l.144 Систе
                мный вызов open открывает файл alphabe...

? 

! LaTeX Error: Unicode character м (U+043C)
               not set up for use with LaTeX.

See the LaTeX manual or LaTeX Companion for explanation.
Type  H <return>  for immediate help.
 ...                                              
                                                  
l.144 Систем
                  ный вызов open открывает файл alphabe...

? 

! LaTeX Error: Unicode character н (U+043D)
               not set up for use with LaTeX.

See the LaTeX manual or LaTeX Companion for explanation.
Type  H <return>  for immediate help.
 ...                                              
                                                  
l.144 Системн
                    ый вызов open открывает файл alphabe...

? 

! LaTeX Error: Unicode character ы (U+044B)
               not set up for use with LaTeX.

See the LaTeX manual or LaTeX Companion for explanation.
Type  H <return>  for immediate help.
 ...                                              
                                                  
l.144 Системны
                      й вызов open открывает файл alphabe...

? 

! LaTeX Error: Unicode character й (U+0439)
               not set up for use with LaTeX.

See the LaTeX manual or LaTeX Companion for explanation.
Type  H <return>  for immediate help.
 ...                                              
                                                  
l.144 Системный
                         вызов open открывает файл alphabe...

? 

! LaTeX Error: Unicode character в (U+0432)
               not set up for use with LaTeX.

See the LaTeX manual or LaTeX Companion for explanation.
Type  H <return>  for immediate help.
 ...                                              
                                                  
l.144 Системный в
                           ызов open открывает файл alphabe...

? 

! LaTeX Error: Unicode character ы (U+044B)
               not set up for use with LaTeX.

See the LaTeX manual or LaTeX Companion for explanation.
Type  H <return>  for immediate help.
 ...                                              
                                                  
l.144 Системный вы
                             зов open открывает файл alphabe...

? 

! LaTeX Error: Unicode character з (U+0437)
               not set up for use with LaTeX.

See the LaTeX manual or LaTeX Companion for explanation.
Type  H <return>  for immediate help.
 ...                                              
                                                  
l.144 Системный выз
                               ов open открывает файл alphabe...

? 

! LaTeX Error: Unicode character о (U+043E)
               not set up for use with LaTeX.

See the LaTeX manual or LaTeX Companion for explanation.
Type  H <return>  for immediate help.
 ...                                              
                                                  
l.144 Системный вызо
                                 в open открывает файл alphabe...

? 

! LaTeX Error: Unicode character в (U+0432)
               not set up for use with LaTeX.

See the LaTeX manual or LaTeX Companion for explanation.
Type  H <return>  for immediate help.
 ...                                              
                                                  
l.144 Системный вызов
                                    open открывает файл alphabe...

? 

! LaTeX Error: Missing \begin{document}.

See the LaTeX manual or LaTeX Companion for explanation.
Type  H <return>  for immediate help.
 ...                                              
                                                  
l.144 Системный вызов o
                                     pen открывает файл alphabe...

? 
Missing character: There is no o in font nullfont!
Missing character: There is no p in font nullfont!
Missing character: There is no e in font nullfont!
Missing character: There is no n in font nullfont!

! LaTeX Error: Unicode character о (U+043E)
               not set up for use with LaTeX.

See the LaTeX manual or LaTeX Companion for explanation.
Type  H <return>  for immediate help.
 ...                                              
                                                  
l.144 Системный вызов open о
                                           ткрывает файл alphabe...

? 

! LaTeX Error: Unicode character т (U+0442)
               not set up for use with LaTeX.

See the LaTeX manual or LaTeX Companion for explanation.
Type  H <return>  for immediate help.
 ...                                              
                                                  
l.144 Системный вызов open от
                                             крывает файл alphabe...

? 

! LaTeX Error: Unicode character к (U+043A)
               not set up for use with LaTeX.

See the LaTeX manual or LaTeX Companion for explanation.
Type  H <return>  for immediate help.
 ...                                              
                                                  
l.144 Системный вызов open отк
                                               рывает файл alphabe...

? 

! LaTeX Error: Unicode character р (U+0440)
               not set up for use with LaTeX.

See the LaTeX manual or LaTeX Companion for explanation.
Type  H <return>  for immediate help.
 ...                                              
                                                  
l.144 Системный вызов open откр
                                                 ывает файл alphabe...

? 

! LaTeX Error: Unicode character ы (U+044B)
               not set up for use with LaTeX.

See the LaTeX manual or LaTeX Companion for explanation.
Type  H <return>  for immediate help.
 ...                                              
                                                  
l.144 ...стемный вызов open откры
                                                  вает файл alphabet...

? 

! LaTeX Error: Unicode character в (U+0432)
               not set up for use with LaTeX.

See the LaTeX manual or LaTeX Companion for explanation.
Type  H <return>  for immediate help.
 ...                                              
                                                  
l.144 ...темный вызов open открыв
                                                  ает файл alphabet.t...

? e
 
Here is how much of TeX's memory you used:
 62 strings out of 473190
 862 string characters out of 5715800
 402984 words of memory out of 5000000
 23411 multiletter control sequences out of 15000+600000
 559172 words of font info for 37 fonts, out of 8000000 for 9000
 1141 hyphenation exceptions out of 8191
 22i,7n,22p,672b,102s stack positions out of 10000i,1000n,20000p,200000b,200000s
</usr/local/texlive/2025/texmf-dist/fonts/type1/public/amsfonts/cm/cmmi10.pfb><
/usr/local/texlive/2025/texmf-dist/fonts/type1/public/amsfonts/cm/cmmi5.pfb></u
sr/local/texlive/2025/texmf-dist/fonts/type1/public/amsfonts/cm/cmmi7.pfb></usr
/local/texlive/2025/texmf-dist/fonts/type1/public/amsfonts/cm/cmr10.pfb></usr/l
ocal/texlive/2025/texmf-dist/fonts/type1/public/amsfonts/cm/cmr5.pfb></usr/loca
l/texlive/2025/texmf-dist/fonts/type1/public/amsfonts/cm/cmr7.pfb></usr/local/t
exlive/2025/texmf-dist/fonts/type1/public/amsfonts/cm/cmsy10.pfb></usr/local/te
xlive/2025/texmf-dist/fonts/type1/public/amsfonts/cm/cmsy5.pfb></usr/local/texl
ive/2025/texmf-dist/fonts/type1/public/amsfonts/cm/cmsy7.pfb>
Output written on main.pdf (1 page, 105143 bytes).
PDF statistics:
 53 PDF objects out of 1000 (max. 8388607)
 31 compressed objects within 1 object stream
 0 named destinations out of 1000 (max. 500000)
 1 words of extra memory for PDF output out of 10000 (max. 10000000)

