This is pdfTeX, Version 3.141592653-2.6-1.40.25 (TeX Live 2023/Debian) (preloaded format=pdflatex 2025.7.19)  28 MAY 2026 19:04
entering extended mode
 restricted \write18 enabled.
 %&-line parsing enabled.
**report.tex
(./report.tex
LaTeX2e <2023-11-01> patch level 1
L3 programming layer <2024-01-22>
(./preambula.tex
(/usr/share/texlive/texmf-dist/tex/latex/extsizes/extreport.cls
Document Class: extreport 1996/10/08 v1.0 Non Standard LaTeX document class
(/usr/share/texlive/texmf-dist/tex/latex/base/size12.clo
File: size12.clo 2023/05/17 v1.4n Standard LaTeX file (size option)
)
(/usr/share/texlive/texmf-dist/tex/latex/base/exscale.sty
Package: exscale 2018/09/24 v2.1i Standard LaTeX package exscale
LaTeX Font Info:    Redeclaring symbol font `largesymbols' on input line 57.
LaTeX Font Info:    Overwriting symbol font `largesymbols' in version `normal'
(Font)                  OMX/cmex/m/n --> OMX/cmex/m/n on input line 57.
LaTeX Font Info:    Overwriting symbol font `largesymbols' in version `bold'
(Font)                  OMX/cmex/m/n --> OMX/cmex/m/n on input line 57.
\big@size=\dimen140
)
\c@part=\count187
\c@chapter=\count188
\c@section=\count189
\c@subsection=\count190
\c@subsubsection=\count191
\c@paragraph=\count192
\c@subparagraph=\count193
\c@figure=\count194
\c@table=\count195
\abovecaptionskip=\skip48
\belowcaptionskip=\skip49
\bibindent=\dimen141
)
(/usr/share/texlive/texmf-dist/tex/latex/rotfloat/rotfloat.sty
Package: rotfloat 2004/01/04 v1.2 Combining float+rotating package (AS)

(/usr/share/texlive/texmf-dist/tex/latex/float/float.sty
Package: float 2001/11/08 v1.3d Float enhancements (AL)
\c@float@type=\count196
\float@exts=\toks17
\float@box=\box51
\@float@everytoks=\toks18
\@floatcapt=\box52
)
(/usr/share/texlive/texmf-dist/tex/latex/graphics/rotating.sty
Package: rotating 2016/08/11 v2.16d rotated objects in LaTeX

(/usr/share/texlive/texmf-dist/tex/latex/graphics/graphicx.sty
Package: graphicx 2021/09/16 v1.2d Enhanced LaTeX Graphics (DPC,SPQR)

(/usr/share/texlive/texmf-dist/tex/latex/graphics/keyval.sty
Package: keyval 2022/05/29 v1.15 key=value parser (DPC)
\KV@toks@=\toks19
)
(/usr/share/texlive/texmf-dist/tex/latex/graphics/graphics.sty
Package: graphics 2022/03/10 v1.4e Standard LaTeX Graphics (DPC,SPQR)

(/usr/share/texlive/texmf-dist/tex/latex/graphics/trig.sty
Package: trig 2021/08/11 v1.11 sin cos tan (DPC)
)
(/usr/share/texlive/texmf-dist/tex/latex/graphics-cfg/graphics.cfg
File: graphics.cfg 2016/06/04 v1.11 sample graphics configuration
)
Package graphics Info: Driver file: pdftex.def on input line 107.

(/usr/share/texlive/texmf-dist/tex/latex/graphics-def/pdftex.def
File: pdftex.def 2022/09/22 v1.2b Graphics/color driver for pdftex
))
\Gin@req@height=\dimen142
\Gin@req@width=\dimen143
)
(/usr/share/texlive/texmf-dist/tex/latex/base/ifthen.sty
Package: ifthen 2022/04/13 v1.1d Standard LaTeX ifthen package (DPC)
)
\c@r@tfl@t=\count197
\rotFPtop=\skip50
\rotFPbot=\skip51
\rot@float@box=\box53
\rot@mess@toks=\toks20
)
Package rotfloat Info: float package v1.3 detected on input line 74.
)
(/usr/share/texlive/texmf-dist/tex/latex/tools/calc.sty
Package: calc 2023/07/08 v4.3 Infix arithmetic (KKT,FJ)
\calc@Acount=\count198
\calc@Bcount=\count199
\calc@Adimen=\dimen144
\calc@Bdimen=\dimen145
\calc@Askip=\skip52
\calc@Bskip=\skip53
LaTeX Info: Redefining \setlength on input line 80.
LaTeX Info: Redefining \addtolength on input line 81.
\calc@Ccount=\count266
\calc@Cskip=\skip54
)
(/usr/share/texlive/texmf-dist/tex/latex/xcolor/xcolor.sty
Package: xcolor 2023/11/15 v3.01 LaTeX color extensions (UK)

(/usr/share/texlive/texmf-dist/tex/latex/graphics-cfg/color.cfg
File: color.cfg 2016/01/02 v1.6 sample color configuration
)
Package xcolor Info: Driver file: pdftex.def on input line 274.

(/usr/share/texlive/texmf-dist/tex/latex/graphics/mathcolor.ltx)
Package xcolor Info: Model `cmy' substituted by `cmy0' on input line 1350.
Package xcolor Info: Model `hsb' substituted by `rgb' on input line 1354.
Package xcolor Info: Model `RGB' extended on input line 1366.
Package xcolor Info: Model `HTML' substituted by `rgb' on input line 1368.
Package xcolor Info: Model `Hsb' substituted by `hsb' on input line 1369.
Package xcolor Info: Model `tHsb' substituted by `hsb' on input line 1370.
Package xcolor Info: Model `HSB' substituted by `hsb' on input line 1371.
Package xcolor Info: Model `Gray' substituted by `gray' on input line 1372.
Package xcolor Info: Model `wave' substituted by `hsb' on input line 1373.
)
(/usr/share/texlive/texmf-dist/tex/latex/colortbl/colortbl.sty
Package: colortbl 2022/06/20 v1.0f Color table columns (DPC)

(/usr/share/texlive/texmf-dist/tex/latex/tools/array.sty
Package: array 2023/10/16 v2.5g Tabular extension package (FMi)
\col@sep=\dimen146
\ar@mcellbox=\box54
\extrarowheight=\dimen147
\NC@list=\toks21
\extratabsurround=\skip55
\backup@length=\skip56
\ar@cellbox=\box55
)
\everycr=\toks22
\minrowclearance=\skip57
\rownum=\count267
)
(/usr/share/texlive/texmf-dist/tex/latex/base/fontenc.sty
Package: fontenc 2021/04/29 v2.0v Standard LaTeX package

(/usr/share/texlive/texmf-dist/tex/latex/cyrillic/t2aenc.def
File: t2aenc.def 2022/06/11 v1.0j Cyrillic encoding definition file
Now handling font encoding T2A ...
... processing UTF-8 mapping file for font encoding T2A

(/usr/share/texlive/texmf-dist/tex/latex/base/t2aenc.dfu
File: t2aenc.dfu 2022/06/07 v1.3c UTF-8 support
   defining Unicode char U+00A4 (decimal 164)
   defining Unicode char U+00A7 (decimal 167)
   defining Unicode char U+00AB (decimal 171)
   defining Unicode char U+00BB (decimal 187)
   defining Unicode char U+0131 (decimal 305)
   defining Unicode char U+0237 (decimal 567)
   defining Unicode char U+0400 (decimal 1024)
   defining Unicode char U+0401 (decimal 1025)
   defining Unicode char U+0402 (decimal 1026)
   defining Unicode char U+0403 (decimal 1027)
   defining Unicode char U+0404 (decimal 1028)
   defining Unicode char U+0405 (decimal 1029)
   defining Unicode char U+0406 (decimal 1030)
   defining Unicode char U+0407 (decimal 1031)
   defining Unicode char U+0408 (decimal 1032)
   defining Unicode char U+0409 (decimal 1033)
   defining Unicode char U+040A (decimal 1034)
   defining Unicode char U+040B (decimal 1035)
   defining Unicode char U+040C (decimal 1036)
   defining Unicode char U+040D (decimal 1037)
   defining Unicode char U+040E (decimal 1038)
   defining Unicode char U+040F (decimal 1039)
   defining Unicode char U+0410 (decimal 1040)
   defining Unicode char U+0411 (decimal 1041)
   defining Unicode char U+0412 (decimal 1042)
   defining Unicode char U+0413 (decimal 1043)
   defining Unicode char U+0414 (decimal 1044)
   defining Unicode char U+0415 (decimal 1045)
   defining Unicode char U+0416 (decimal 1046)
   defining Unicode char U+0417 (decimal 1047)
   defining Unicode char U+0418 (decimal 1048)
   defining Unicode char U+0419 (decimal 1049)
   defining Unicode char U+041A (decimal 1050)
   defining Unicode char U+041B (decimal 1051)
   defining Unicode char U+041C (decimal 1052)
   defining Unicode char U+041D (decimal 1053)
   defining Unicode char U+041E (decimal 1054)
   defining Unicode char U+041F (decimal 1055)
   defining Unicode char U+0420 (decimal 1056)
   defining Unicode char U+0421 (decimal 1057)
   defining Unicode char U+0422 (decimal 1058)
   defining Unicode char U+0423 (decimal 1059)
   defining Unicode char U+0424 (decimal 1060)
   defining Unicode char U+0425 (decimal 1061)
   defining Unicode char U+0426 (decimal 1062)
   defining Unicode char U+0427 (decimal 1063)
   defining Unicode char U+0428 (decimal 1064)
   defining Unicode char U+0429 (decimal 1065)
   defining Unicode char U+042A (decimal 1066)
   defining Unicode char U+042B (decimal 1067)
   defining Unicode char U+042C (decimal 1068)
   defining Unicode char U+042D (decimal 1069)
   defining Unicode char U+042E (decimal 1070)
   defining Unicode char U+042F (decimal 1071)
   defining Unicode char U+0430 (decimal 1072)
   defining Unicode char U+0431 (decimal 1073)
   defining Unicode char U+0432 (decimal 1074)
   defining Unicode char U+0433 (decimal 1075)
   defining Unicode char U+0434 (decimal 1076)
   defining Unicode char U+0435 (decimal 1077)
   defining Unicode char U+0436 (decimal 1078)
   defining Unicode char U+0437 (decimal 1079)
   defining Unicode char U+0438 (decimal 1080)
   defining Unicode char U+0439 (decimal 1081)
   defining Unicode char U+043A (decimal 1082)
   defining Unicode char U+043B (decimal 1083)
   defining Unicode char U+043C (decimal 1084)
   defining Unicode char U+043D (decimal 1085)
   defining Unicode char U+043E (decimal 1086)
   defining Unicode char U+043F (decimal 1087)
   defining Unicode char U+0440 (decimal 1088)
   defining Unicode char U+0441 (decimal 1089)
   defining Unicode char U+0442 (decimal 1090)
   defining Unicode char U+0443 (decimal 1091)
   defining Unicode char U+0444 (decimal 1092)
   defining Unicode char U+0445 (decimal 1093)
   defining Unicode char U+0446 (decimal 1094)
   defining Unicode char U+0447 (decimal 1095)
   defining Unicode char U+0448 (decimal 1096)
   defining Unicode char U+0449 (decimal 1097)
   defining Unicode char U+044A (decimal 1098)
   defining Unicode char U+044B (decimal 1099)
   defining Unicode char U+044C (decimal 1100)
   defining Unicode char U+044D (decimal 1101)
   defining Unicode char U+044E (decimal 1102)
   defining Unicode char U+044F (decimal 1103)
   defining Unicode char U+0450 (decimal 1104)
   defining Unicode char U+0451 (decimal 1105)
   defining Unicode char U+0452 (decimal 1106)
   defining Unicode char U+0453 (decimal 1107)
   defining Unicode char U+0454 (decimal 1108)
   defining Unicode char U+0455 (decimal 1109)
   defining Unicode char U+0456 (decimal 1110)
   defining Unicode char U+0457 (decimal 1111)
   defining Unicode char U+0458 (decimal 1112)
   defining Unicode char U+0459 (decimal 1113)
   defining Unicode char U+045A (decimal 1114)
   defining Unicode char U+045B (decimal 1115)
   defining Unicode char U+045C (decimal 1116)
   defining Unicode char U+045D (decimal 1117)
   defining Unicode char U+045E (decimal 1118)
   defining Unicode char U+045F (decimal 1119)
   defining Unicode char U+0490 (decimal 1168)
   defining Unicode char U+0491 (decimal 1169)
   defining Unicode char U+0492 (decimal 1170)
   defining Unicode char U+0493 (decimal 1171)
   defining Unicode char U+0496 (decimal 1174)
   defining Unicode char U+0497 (decimal 1175)
   defining Unicode char U+0498 (decimal 1176)
   defining Unicode char U+0499 (decimal 1177)
   defining Unicode char U+049A (decimal 1178)
   defining Unicode char U+049B (decimal 1179)
   defining Unicode char U+049C (decimal 1180)
   defining Unicode char U+049D (decimal 1181)
   defining Unicode char U+04A0 (decimal 1184)
   defining Unicode char U+04A1 (decimal 1185)
   defining Unicode char U+04A2 (decimal 1186)
   defining Unicode char U+04A3 (decimal 1187)
   defining Unicode char U+04A4 (decimal 1188)
   defining Unicode char U+04A5 (decimal 1189)
   defining Unicode char U+04AA (decimal 1194)
   defining Unicode char U+04AB (decimal 1195)
   defining Unicode char U+04AE (decimal 1198)
   defining Unicode char U+04AF (decimal 1199)
   defining Unicode char U+04B0 (decimal 1200)
   defining Unicode char U+04B1 (decimal 1201)
   defining Unicode char U+04B2 (decimal 1202)
   defining Unicode char U+04B3 (decimal 1203)
   defining Unicode char U+04B6 (decimal 1206)
   defining Unicode char U+04B7 (decimal 1207)
   defining Unicode char U+04B8 (decimal 1208)
   defining Unicode char U+04B9 (decimal 1209)
   defining Unicode char U+04BA (decimal 1210)
   defining Unicode char U+04BB (decimal 1211)
   defining Unicode char U+04C0 (decimal 1216)
   defining Unicode char U+04C1 (decimal 1217)
   defining Unicode char U+04C2 (decimal 1218)
   defining Unicode char U+04D0 (decimal 1232)
   defining Unicode char U+04D1 (decimal 1233)
   defining Unicode char U+04D2 (decimal 1234)
   defining Unicode char U+04D3 (decimal 1235)
   defining Unicode char U+04D4 (decimal 1236)
   defining Unicode char U+04D5 (decimal 1237)
   defining Unicode char U+04D6 (decimal 1238)
   defining Unicode char U+04D7 (decimal 1239)
   defining Unicode char U+04D8 (decimal 1240)
   defining Unicode char U+04D9 (decimal 1241)
   defining Unicode char U+04DA (decimal 1242)
   defining Unicode char U+04DB (decimal 1243)
   defining Unicode char U+04DC (decimal 1244)
   defining Unicode char U+04DD (decimal 1245)
   defining Unicode char U+04DE (decimal 1246)
   defining Unicode char U+04DF (decimal 1247)
   defining Unicode char U+04E2 (decimal 1250)
   defining Unicode char U+04E3 (decimal 1251)
   defining Unicode char U+04E4 (decimal 1252)
   defining Unicode char U+04E5 (decimal 1253)
   defining Unicode char U+04E6 (decimal 1254)
   defining Unicode char U+04E7 (decimal 1255)
   defining Unicode char U+04E8 (decimal 1256)
   defining Unicode char U+04E9 (decimal 1257)
   defining Unicode char U+04EC (decimal 1260)
   defining Unicode char U+04ED (decimal 1261)
   defining Unicode char U+04EE (decimal 1262)
   defining Unicode char U+04EF (decimal 1263)
   defining Unicode char U+04F0 (decimal 1264)
   defining Unicode char U+04F1 (decimal 1265)
   defining Unicode char U+04F2 (decimal 1266)
   defining Unicode char U+04F3 (decimal 1267)
   defining Unicode char U+04F4 (decimal 1268)
   defining Unicode char U+04F5 (decimal 1269)
   defining Unicode char U+04F8 (decimal 1272)
   defining Unicode char U+04F9 (decimal 1273)
   defining Unicode char U+200C (decimal 8204)
   defining Unicode char U+2013 (decimal 8211)
   defining Unicode char U+2014 (decimal 8212)
   defining Unicode char U+2018 (decimal 8216)
   defining Unicode char U+2019 (decimal 8217)
   defining Unicode char U+201C (decimal 8220)
   defining Unicode char U+201D (decimal 8221)
   defining Unicode char U+201E (decimal 8222)
   defining Unicode char U+2030 (decimal 8240)
   defining Unicode char U+2031 (decimal 8241)
   defining Unicode char U+2116 (decimal 8470)
   defining Unicode char U+2329 (decimal 9001)
   defining Unicode char U+3008 (decimal 12296)
   defining Unicode char U+232A (decimal 9002)
   defining Unicode char U+3009 (decimal 12297)
   defining Unicode char U+2423 (decimal 9251)
   defining Unicode char U+27E8 (decimal 10216)
   defining Unicode char U+27E9 (decimal 10217)
   defining Unicode char U+FB00 (decimal 64256)
   defining Unicode char U+FB01 (decimal 64257)
   defining Unicode char U+FB02 (decimal 64258)
   defining Unicode char U+FB03 (decimal 64259)
   defining Unicode char U+FB04 (decimal 64260)
   defining Unicode char U+FB05 (decimal 64261)
   defining Unicode char U+FB06 (decimal 64262)
))
LaTeX Font Info:    Trying to load font information for T2A+cmr on input line 1
12.

(/usr/share/texlive/texmf-dist/tex/latex/cyrillic/t2acmr.fd
File: t2acmr.fd 2001/08/11 v1.0a Computer Modern Cyrillic font definitions
))
(/usr/share/texlive/texmf-dist/tex/latex/base/inputenc.sty
Package: inputenc 2021/02/14 v1.3d Input encoding file
\inpenc@prehook=\toks23
\inpenc@posthook=\toks24
)
(/usr/share/texlive/texmf-dist/tex/generic/babel/babel.sty
Package: babel 2024/01/07 v24.1 The Babel package
\babel@savecnt=\count268
\U@D=\dimen148
\l@unhyphenated=\language89

(/usr/share/texlive/texmf-dist/tex/generic/babel/txtbabel.def)
\bbl@readstream=\read2
\bbl@dirlevel=\count269

(/usr/share/texlive/texmf-dist/tex/generic/babel-english/english.ldf
Language: english 2017/06/06 v3.3r English support from the babel system
Package babel Info: Hyphen rules for 'canadian' set to \l@english
(babel)             (\language0). Reported on input line 102.
Package babel Info: Hyphen rules for 'australian' set to \l@ukenglish
(babel)             (\language46). Reported on input line 105.
Package babel Info: Hyphen rules for 'newzealand' set to \l@ukenglish
(babel)             (\language46). Reported on input line 108.
)
(/usr/share/texlive/texmf-dist/tex/generic/babel-russian/russianb.ldf
File: russianb.ldf 2021/01/10 1.3m Russian support for the Babel system
Language: russian 2020/09/09 1.3k Russian support for the Babel system
Package babel Info: Making " an active character on input line 124.
Package babel Info: Default for \cyrdash is provided on input line 163.
))
(/usr/share/texlive/texmf-dist/tex/generic/babel/locale/ru/babel-russian.tex
Package babel Info: Importing font and identification data for russian
(babel)             from babel-ru.ini. Reported on input line 11.
)
(/usr/share/texlive/texmf-dist/tex/generic/babel/locale/en/babel-english.tex
Package babel Info: Importing font and identification data for english
(babel)             from babel-en.ini. Reported on input line 11.
)
(/usr/share/texlive/texmf-dist/tex/latex/amsfonts/amssymb.sty
Package: amssymb 2013/01/14 v3.01 AMS font symbols

(/usr/share/texlive/texmf-dist/tex/latex/amsfonts/amsfonts.sty
Package: amsfonts 2013/01/14 v3.01 Basic AMSFonts support
\@emptytoks=\toks25
\symAMSa=\mathgroup4
\symAMSb=\mathgroup5
LaTeX Font Info:    Redeclaring math symbol \hbar on input line 98.
LaTeX Font Info:    Overwriting math alphabet `\mathfrak' in version `bold'
(Font)                  U/euf/m/n --> U/euf/b/n on input line 106.
))
(/usr/share/texlive/texmf-dist/tex/latex/amsmath/amsmath.sty
Package: amsmath 2023/05/13 v2.17o AMS math features
\@mathmargin=\skip58

For additional information on amsmath, use the `?' option.
(/usr/share/texlive/texmf-dist/tex/latex/amsmath/amstext.sty
Package: amstext 2021/08/26 v2.01 AMS text

(/usr/share/texlive/texmf-dist/tex/latex/amsmath/amsgen.sty
File: amsgen.sty 1999/11/30 v2.0 generic functions
\@emptytoks=\toks26
\ex@=\dimen149
))
(/usr/share/texlive/texmf-dist/tex/latex/amsmath/amsbsy.sty
Package: amsbsy 1999/11/29 v1.2d Bold Symbols
\pmbraise@=\dimen150
)
(/usr/share/texlive/texmf-dist/tex/latex/amsmath/amsopn.sty
Package: amsopn 2022/04/08 v2.04 operator names
)
\inf@bad=\count270
LaTeX Info: Redefining \frac on input line 234.
\uproot@=\count271
\leftroot@=\count272
LaTeX Info: Redefining \overline on input line 399.
LaTeX Info: Redefining \colon on input line 410.
\classnum@=\count273
\DOTSCASE@=\count274
LaTeX Info: Redefining \ldots on input line 496.
LaTeX Info: Redefining \dots on input line 499.
LaTeX Info: Redefining \cdots on input line 620.
\Mathstrutbox@=\box56
\strutbox@=\box57
LaTeX Info: Redefining \big on input line 722.
LaTeX Info: Redefining \Big on input line 723.
LaTeX Info: Redefining \bigg on input line 724.
LaTeX Info: Redefining \Bigg on input line 725.
\big@size=\dimen151
LaTeX Font Info:    Redeclaring font encoding OML on input line 743.
LaTeX Font Info:    Redeclaring font encoding OMS on input line 744.
\macc@depth=\count275
LaTeX Info: Redefining \bmod on input line 905.
LaTeX Info: Redefining \pmod on input line 910.
LaTeX Info: Redefining \smash on input line 940.
LaTeX Info: Redefining \relbar on input line 970.
LaTeX Info: Redefining \Relbar on input line 971.
\c@MaxMatrixCols=\count276
\dotsspace@=\muskip16
\c@parentequation=\count277
\dspbrk@lvl=\count278
\tag@help=\toks27
\row@=\count279
\column@=\count280
\maxfields@=\count281
\andhelp@=\toks28
\eqnshift@=\dimen152
\alignsep@=\dimen153
\tagshift@=\dimen154
\tagwidth@=\dimen155
\totwidth@=\dimen156
\lineht@=\dimen157
\@envbody=\toks29
\multlinegap=\skip59
\multlinetaggap=\skip60
\mathdisplay@stack=\toks30
LaTeX Info: Redefining \[ on input line 2953.
LaTeX Info: Redefining \] on input line 2954.
)
(/usr/share/texlive/texmf-dist/tex/latex/t2/mathtext.sty
Package: mathtext 2018/04/14 v1.0 transparent text-and-math defs
LaTeX Info: Redefining \halign on input line 121.
)
(/usr/share/texlive/texmf-dist/tex/latex/cite/cite.sty
LaTeX Info: Redefining \cite on input line 302.
LaTeX Info: Redefining \nocite on input line 332.
Package: cite 2015/02/27  v 5.5
)
(/usr/share/texlive/texmf-dist/tex/latex/pgfplots/pgfplots.sty
(/usr/share/texlive/texmf-dist/tex/generic/pgfplots/pgfplots.revision.tex)
Package: pgfplots 2021/05/15 v1.18.1 Data Visualization (1.18.1)

(/usr/share/texlive/texmf-dist/tex/latex/pgf/frontendlayer/tikz.sty
(/usr/share/texlive/texmf-dist/tex/latex/pgf/basiclayer/pgf.sty
(/usr/share/texlive/texmf-dist/tex/latex/pgf/utilities/pgfrcs.sty
(/usr/share/texlive/texmf-dist/tex/generic/pgf/utilities/pgfutil-common.tex
\pgfutil@everybye=\toks31
\pgfutil@tempdima=\dimen158
\pgfutil@tempdimb=\dimen159
)
(/usr/share/texlive/texmf-dist/tex/generic/pgf/utilities/pgfutil-latex.def
\pgfutil@abb=\box58
)
(/usr/share/texlive/texmf-dist/tex/generic/pgf/utilities/pgfrcs.code.tex
(/usr/share/texlive/texmf-dist/tex/generic/pgf/pgf.revision.tex)
Package: pgfrcs 2023-01-15 v3.1.10 (3.1.10)
))
Package: pgf 2023-01-15 v3.1.10 (3.1.10)

(/usr/share/texlive/texmf-dist/tex/latex/pgf/basiclayer/pgfcore.sty
(/usr/share/texlive/texmf-dist/tex/latex/pgf/systemlayer/pgfsys.sty
(/usr/share/texlive/texmf-dist/tex/generic/pgf/systemlayer/pgfsys.code.tex
Package: pgfsys 2023-01-15 v3.1.10 (3.1.10)

(/usr/share/texlive/texmf-dist/tex/generic/pgf/utilities/pgfkeys.code.tex
\pgfkeys@pathtoks=\toks32
\pgfkeys@temptoks=\toks33

(/usr/share/texlive/texmf-dist/tex/generic/pgf/utilities/pgfkeyslibraryfiltered
.code.tex
\pgfkeys@tmptoks=\toks34
))
\pgf@x=\dimen160
\pgf@y=\dimen161
\pgf@xa=\dimen162
\pgf@ya=\dimen163
\pgf@xb=\dimen164
\pgf@yb=\dimen165
\pgf@xc=\dimen166
\pgf@yc=\dimen167
\pgf@xd=\dimen168
\pgf@yd=\dimen169
\w@pgf@writea=\write3
\r@pgf@reada=\read3
\c@pgf@counta=\count282
\c@pgf@countb=\count283
\c@pgf@countc=\count284
\c@pgf@countd=\count285
\t@pgf@toka=\toks35
\t@pgf@tokb=\toks36
\t@pgf@tokc=\toks37
\pgf@sys@id@count=\count286
 (/usr/share/texlive/texmf-dist/tex/generic/pgf/systemlayer/pgf.cfg
File: pgf.cfg 2023-01-15 v3.1.10 (3.1.10)
)
Driver file for pgf: pgfsys-pdftex.def
(/usr/share/texlive/texmf-dist/tex/generic/pgf/systemlayer/pgfsys-pdftex.def
File: pgfsys-pdftex.def 2023-01-15 v3.1.10 (3.1.10)

(/usr/share/texlive/texmf-dist/tex/generic/pgf/systemlayer/pgfsys-common-pdf.de
f
File: pgfsys-common-pdf.def 2023-01-15 v3.1.10 (3.1.10)
)))
(/usr/share/texlive/texmf-dist/tex/generic/pgf/systemlayer/pgfsyssoftpath.code.
tex
File: pgfsyssoftpath.code.tex 2023-01-15 v3.1.10 (3.1.10)
\pgfsyssoftpath@smallbuffer@items=\count287
\pgfsyssoftpath@bigbuffer@items=\count288
)
(/usr/share/texlive/texmf-dist/tex/generic/pgf/systemlayer/pgfsysprotocol.code.
tex
File: pgfsysprotocol.code.tex 2023-01-15 v3.1.10 (3.1.10)
))
(/usr/share/texlive/texmf-dist/tex/generic/pgf/basiclayer/pgfcore.code.tex
Package: pgfcore 2023-01-15 v3.1.10 (3.1.10)

(/usr/share/texlive/texmf-dist/tex/generic/pgf/math/pgfmath.code.tex
(/usr/share/texlive/texmf-dist/tex/generic/pgf/math/pgfmathutil.code.tex)
(/usr/share/texlive/texmf-dist/tex/generic/pgf/math/pgfmathparser.code.tex
\pgfmath@dimen=\dimen170
\pgfmath@count=\count289
\pgfmath@box=\box59
\pgfmath@toks=\toks38
\pgfmath@stack@operand=\toks39
\pgfmath@stack@operation=\toks40
)
(/usr/share/texlive/texmf-dist/tex/generic/pgf/math/pgfmathfunctions.code.tex)
(/usr/share/texlive/texmf-dist/tex/generic/pgf/math/pgfmathfunctions.basic.code
.tex)
(/usr/share/texlive/texmf-dist/tex/generic/pgf/math/pgfmathfunctions.trigonomet
ric.code.tex)
(/usr/share/texlive/texmf-dist/tex/generic/pgf/math/pgfmathfunctions.random.cod
e.tex)
(/usr/share/texlive/texmf-dist/tex/generic/pgf/math/pgfmathfunctions.comparison
.code.tex)
(/usr/share/texlive/texmf-dist/tex/generic/pgf/math/pgfmathfunctions.base.code.
tex)
(/usr/share/texlive/texmf-dist/tex/generic/pgf/math/pgfmathfunctions.round.code
.tex)
(/usr/share/texlive/texmf-dist/tex/generic/pgf/math/pgfmathfunctions.misc.code.
tex)
(/usr/share/texlive/texmf-dist/tex/generic/pgf/math/pgfmathfunctions.integerari
thmetics.code.tex)
(/usr/share/texlive/texmf-dist/tex/generic/pgf/math/pgfmathcalc.code.tex)
(/usr/share/texlive/texmf-dist/tex/generic/pgf/math/pgfmathfloat.code.tex
\c@pgfmathroundto@lastzeros=\count290
))
(/usr/share/texlive/texmf-dist/tex/generic/pgf/math/pgfint.code.tex)
(/usr/share/texlive/texmf-dist/tex/generic/pgf/basiclayer/pgfcorepoints.code.te
x
File: pgfcorepoints.code.tex 2023-01-15 v3.1.10 (3.1.10)
\pgf@picminx=\dimen171
\pgf@picmaxx=\dimen172
\pgf@picminy=\dimen173
\pgf@picmaxy=\dimen174
\pgf@pathminx=\dimen175
\pgf@pathmaxx=\dimen176
\pgf@pathminy=\dimen177
\pgf@pathmaxy=\dimen178
\pgf@xx=\dimen179
\pgf@xy=\dimen180
\pgf@yx=\dimen181
\pgf@yy=\dimen182
\pgf@zx=\dimen183
\pgf@zy=\dimen184
)
(/usr/share/texlive/texmf-dist/tex/generic/pgf/basiclayer/pgfcorepathconstruct.
code.tex
File: pgfcorepathconstruct.code.tex 2023-01-15 v3.1.10 (3.1.10)
\pgf@path@lastx=\dimen185
\pgf@path@lasty=\dimen186
)
(/usr/share/texlive/texmf-dist/tex/generic/pgf/basiclayer/pgfcorepathusage.code
.tex
File: pgfcorepathusage.code.tex 2023-01-15 v3.1.10 (3.1.10)
\pgf@shorten@end@additional=\dimen187
\pgf@shorten@start@additional=\dimen188
)
(/usr/share/texlive/texmf-dist/tex/generic/pgf/basiclayer/pgfcorescopes.code.te
x
File: pgfcorescopes.code.tex 2023-01-15 v3.1.10 (3.1.10)
\pgfpic=\box60
\pgf@hbox=\box61
\pgf@layerbox@main=\box62
\pgf@picture@serial@count=\count291
)
(/usr/share/texlive/texmf-dist/tex/generic/pgf/basiclayer/pgfcoregraphicstate.c
ode.tex
File: pgfcoregraphicstate.code.tex 2023-01-15 v3.1.10 (3.1.10)
\pgflinewidth=\dimen189
)
(/usr/share/texlive/texmf-dist/tex/generic/pgf/basiclayer/pgfcoretransformation
s.code.tex
File: pgfcoretransformations.code.tex 2023-01-15 v3.1.10 (3.1.10)
\pgf@pt@x=\dimen190
\pgf@pt@y=\dimen191
\pgf@pt@temp=\dimen192
)
(/usr/share/texlive/texmf-dist/tex/generic/pgf/basiclayer/pgfcorequick.code.tex
File: pgfcorequick.code.tex 2023-01-15 v3.1.10 (3.1.10)
)
(/usr/share/texlive/texmf-dist/tex/generic/pgf/basiclayer/pgfcoreobjects.code.t
ex
File: pgfcoreobjects.code.tex 2023-01-15 v3.1.10 (3.1.10)
)
(/usr/share/texlive/texmf-dist/tex/generic/pgf/basiclayer/pgfcorepathprocessing
.code.tex
File: pgfcorepathprocessing.code.tex 2023-01-15 v3.1.10 (3.1.10)
)
(/usr/share/texlive/texmf-dist/tex/generic/pgf/basiclayer/pgfcorearrows.code.te
x
File: pgfcorearrows.code.tex 2023-01-15 v3.1.10 (3.1.10)
\pgfarrowsep=\dimen193
)
(/usr/share/texlive/texmf-dist/tex/generic/pgf/basiclayer/pgfcoreshade.code.tex
File: pgfcoreshade.code.tex 2023-01-15 v3.1.10 (3.1.10)
\pgf@max=\dimen194
\pgf@sys@shading@range@num=\count292
\pgf@shadingcount=\count293
)
(/usr/share/texlive/texmf-dist/tex/generic/pgf/basiclayer/pgfcoreimage.code.tex
File: pgfcoreimage.code.tex 2023-01-15 v3.1.10 (3.1.10)
)
(/usr/share/texlive/texmf-dist/tex/generic/pgf/basiclayer/pgfcoreexternal.code.
tex
File: pgfcoreexternal.code.tex 2023-01-15 v3.1.10 (3.1.10)
\pgfexternal@startupbox=\box63
)
(/usr/share/texlive/texmf-dist/tex/generic/pgf/basiclayer/pgfcorelayers.code.te
x
File: pgfcorelayers.code.tex 2023-01-15 v3.1.10 (3.1.10)
)
(/usr/share/texlive/texmf-dist/tex/generic/pgf/basiclayer/pgfcoretransparency.c
ode.tex
File: pgfcoretransparency.code.tex 2023-01-15 v3.1.10 (3.1.10)
)
(/usr/share/texlive/texmf-dist/tex/generic/pgf/basiclayer/pgfcorepatterns.code.
tex
File: pgfcorepatterns.code.tex 2023-01-15 v3.1.10 (3.1.10)
)
(/usr/share/texlive/texmf-dist/tex/generic/pgf/basiclayer/pgfcorerdf.code.tex
File: pgfcorerdf.code.tex 2023-01-15 v3.1.10 (3.1.10)
)))
(/usr/share/texlive/texmf-dist/tex/generic/pgf/modules/pgfmoduleshapes.code.tex
File: pgfmoduleshapes.code.tex 2023-01-15 v3.1.10 (3.1.10)
\pgfnodeparttextbox=\box64
) (/usr/share/texlive/texmf-dist/tex/generic/pgf/modules/pgfmoduleplot.code.tex
File: pgfmoduleplot.code.tex 2023-01-15 v3.1.10 (3.1.10)
)
(/usr/share/texlive/texmf-dist/tex/latex/pgf/compatibility/pgfcomp-version-0-65
.sty
Package: pgfcomp-version-0-65 2023-01-15 v3.1.10 (3.1.10)
\pgf@nodesepstart=\dimen195
\pgf@nodesepend=\dimen196
)
(/usr/share/texlive/texmf-dist/tex/latex/pgf/compatibility/pgfcomp-version-1-18
.sty
Package: pgfcomp-version-1-18 2023-01-15 v3.1.10 (3.1.10)
)) (/usr/share/texlive/texmf-dist/tex/latex/pgf/utilities/pgffor.sty
(/usr/share/texlive/texmf-dist/tex/latex/pgf/utilities/pgfkeys.sty
(/usr/share/texlive/texmf-dist/tex/generic/pgf/utilities/pgfkeys.code.tex))
(/usr/share/texlive/texmf-dist/tex/latex/pgf/math/pgfmath.sty
(/usr/share/texlive/texmf-dist/tex/generic/pgf/math/pgfmath.code.tex))
(/usr/share/texlive/texmf-dist/tex/generic/pgf/utilities/pgffor.code.tex
Package: pgffor 2023-01-15 v3.1.10 (3.1.10)
\pgffor@iter=\dimen197
\pgffor@skip=\dimen198
\pgffor@stack=\toks41
\pgffor@toks=\toks42
))
(/usr/share/texlive/texmf-dist/tex/generic/pgf/frontendlayer/tikz/tikz.code.tex
Package: tikz 2023-01-15 v3.1.10 (3.1.10)

(/usr/share/texlive/texmf-dist/tex/generic/pgf/libraries/pgflibraryplothandlers
.code.tex
File: pgflibraryplothandlers.code.tex 2023-01-15 v3.1.10 (3.1.10)
\pgf@plot@mark@count=\count294
\pgfplotmarksize=\dimen199
)
\tikz@lastx=\dimen256
\tikz@lasty=\dimen257
\tikz@lastxsaved=\dimen258
\tikz@lastysaved=\dimen259
\tikz@lastmovetox=\dimen260
\tikz@lastmovetoy=\dimen261
\tikzleveldistance=\dimen262
\tikzsiblingdistance=\dimen263
\tikz@figbox=\box65
\tikz@figbox@bg=\box66
\tikz@tempbox=\box67
\tikz@tempbox@bg=\box68
\tikztreelevel=\count295
\tikznumberofchildren=\count296
\tikznumberofcurrentchild=\count297
\tikz@fig@count=\count298

(/usr/share/texlive/texmf-dist/tex/generic/pgf/modules/pgfmodulematrix.code.tex
File: pgfmodulematrix.code.tex 2023-01-15 v3.1.10 (3.1.10)
\pgfmatrixcurrentrow=\count299
\pgfmatrixcurrentcolumn=\count300
\pgf@matrix@numberofcolumns=\count301
)
\tikz@expandcount=\count302

(/usr/share/texlive/texmf-dist/tex/generic/pgf/frontendlayer/tikz/libraries/tik
zlibrarytopaths.code.tex
File: tikzlibrarytopaths.code.tex 2023-01-15 v3.1.10 (3.1.10)
)))
(/usr/share/texlive/texmf-dist/tex/generic/pgfplots/pgfplots.code.tex
(/usr/share/texlive/texmf-dist/tex/generic/pgfplots/pgfplotscore.code.tex
\t@pgfplots@toka=\toks43
\t@pgfplots@tokb=\toks44
\t@pgfplots@tokc=\toks45
\pgfplots@tmpa=\dimen264
\c@pgfplots@coordindex=\count303
\c@pgfplots@scanlineindex=\count304

(/usr/share/texlive/texmf-dist/tex/generic/pgfplots/sys/pgfplotssysgeneric.code
.tex))
(/usr/share/texlive/texmf-dist/tex/generic/pgfplots/libs/pgfplotslibrary.code.t
ex)
(/usr/share/texlive/texmf-dist/tex/generic/pgfplots/oldpgfcompatib/pgfplotsoldp
gfsupp_loader.code.tex
(/usr/share/texlive/texmf-dist/tex/generic/pgf/libraries/pgflibraryfpu.code.tex
)
Package pgfplots: loading complementary utilities for your pgf version...
\t@pgf@toka=\toks46
\t@pgf@tokb=\toks47
\t@pgf@tokc=\toks48

(/usr/share/texlive/texmf-dist/tex/generic/pgfplots/oldpgfcompatib/pgfplotsoldp
gfsupp_pgfutil-common-lists.tex))
(/usr/share/texlive/texmf-dist/tex/generic/pgfplots/util/pgfplotsutil.code.tex
(/usr/share/texlive/texmf-dist/tex/generic/pgfplots/liststructure/pgfplotslists
tructure.code.tex)
(/usr/share/texlive/texmf-dist/tex/generic/pgfplots/liststructure/pgfplotslists
tructureext.code.tex)
(/usr/share/texlive/texmf-dist/tex/generic/pgfplots/liststructure/pgfplotsarray
.code.tex
\c@pgfplotsarray@tmp=\count305
)
(/usr/share/texlive/texmf-dist/tex/generic/pgfplots/liststructure/pgfplotsmatri
x.code.tex)
(/usr/share/texlive/texmf-dist/tex/generic/pgfplots/numtable/pgfplotstableshare
d.code.tex
\c@pgfplotstable@counta=\count306
\t@pgfplotstable@a=\toks49
)
(/usr/share/texlive/texmf-dist/tex/generic/pgfplots/liststructure/pgfplotsdeque
.code.tex)
(/usr/share/texlive/texmf-dist/tex/generic/pgfplots/util/pgfplotsbinary.code.te
x
(/usr/share/texlive/texmf-dist/tex/generic/pgfplots/util/pgfplotsbinary.data.co
de.tex))
(/usr/share/texlive/texmf-dist/tex/generic/pgfplots/util/pgfplotsutil.verb.code
.tex)
(/usr/share/texlive/texmf-dist/tex/generic/pgfplots/libs/pgflibrarypgfplots.sur
fshading.code.tex
\c@pgfplotslibrarysurf@no=\count307

(/usr/share/texlive/texmf-dist/tex/generic/pgfplots/sys/pgflibrarypgfplots.surf
shading.pgfsys-pdftex.def)))
(/usr/share/texlive/texmf-dist/tex/generic/pgfplots/util/pgfplotscolormap.code.
tex
(/usr/share/texlive/texmf-dist/tex/generic/pgfplots/util/pgfplotscolor.code.tex
))
(/usr/share/texlive/texmf-dist/tex/generic/pgfplots/pgfplotsstackedplots.code.t
ex)
(/usr/share/texlive/texmf-dist/tex/generic/pgfplots/pgfplotsplothandlers.code.t
ex
(/usr/share/texlive/texmf-dist/tex/generic/pgfplots/pgfplotsmeshplothandler.cod
e.tex
(/usr/share/texlive/texmf-dist/tex/generic/pgfplots/pgfplotsmeshplotimage.code.
tex)))
(/usr/share/texlive/texmf-dist/tex/generic/pgfplots/pgfplots.scaling.code.tex)
(/usr/share/texlive/texmf-dist/tex/generic/pgfplots/pgfplotscoordprocessing.cod
e.tex)
(/usr/share/texlive/texmf-dist/tex/generic/pgfplots/pgfplots.errorbars.code.tex
) (/usr/share/texlive/texmf-dist/tex/generic/pgfplots/pgfplots.markers.code.tex
) (/usr/share/texlive/texmf-dist/tex/generic/pgfplots/pgfplotsticks.code.tex)
(/usr/share/texlive/texmf-dist/tex/generic/pgfplots/pgfplots.paths.code.tex)
(/usr/share/texlive/texmf-dist/tex/generic/pgf/frontendlayer/tikz/libraries/tik
zlibrarydecorations.code.tex
(/usr/share/texlive/texmf-dist/tex/generic/pgf/modules/pgfmoduledecorations.cod
e.tex
\pgfdecoratedcompleteddistance=\dimen265
\pgfdecoratedremainingdistance=\dimen266
\pgfdecoratedinputsegmentcompleteddistance=\dimen267
\pgfdecoratedinputsegmentremainingdistance=\dimen268
\pgf@decorate@distancetomove=\dimen269
\pgf@decorate@repeatstate=\count308
\pgfdecorationsegmentamplitude=\dimen270
\pgfdecorationsegmentlength=\dimen271
)
\tikz@lib@dec@box=\box69
)
(/usr/share/texlive/texmf-dist/tex/generic/pgf/frontendlayer/tikz/libraries/tik
zlibrarydecorations.pathmorphing.code.tex
(/usr/share/texlive/texmf-dist/tex/generic/pgf/libraries/decorations/pgflibrary
decorations.pathmorphing.code.tex))
(/usr/share/texlive/texmf-dist/tex/generic/pgf/frontendlayer/tikz/libraries/tik
zlibrarydecorations.pathreplacing.code.tex
(/usr/share/texlive/texmf-dist/tex/generic/pgf/libraries/decorations/pgflibrary
decorations.pathreplacing.code.tex))
(/usr/share/texlive/texmf-dist/tex/generic/pgfplots/libs/tikzlibrarypgfplots.co
ntourlua.code.tex)
\pgfplots@numplots=\count309
\pgfplots@xmin@reg=\dimen272
\pgfplots@xmax@reg=\dimen273
\pgfplots@ymin@reg=\dimen274
\pgfplots@ymax@reg=\dimen275
\pgfplots@zmin@reg=\dimen276
\pgfplots@zmax@reg=\dimen277
)
(/usr/share/texlive/texmf-dist/tex/generic/pgf/frontendlayer/tikz/libraries/tik
zlibraryplotmarks.code.tex
File: tikzlibraryplotmarks.code.tex 2023-01-15 v3.1.10 (3.1.10)

(/usr/share/texlive/texmf-dist/tex/generic/pgf/libraries/pgflibraryplotmarks.co
de.tex
File: pgflibraryplotmarks.code.tex 2023-01-15 v3.1.10 (3.1.10)
))) (/usr/share/texlive/texmf-dist/tex/latex/tocloft/tocloft.sty
Package: tocloft 2017/08/31 v2.3i parameterised ToC, etc., typesetting
Package tocloft Info: The document has chapter divisions on input line 51.
\cftparskip=\skip61
\cftbeforetoctitleskip=\skip62
\cftaftertoctitleskip=\skip63
\cftbeforepartskip=\skip64
\cftpartnumwidth=\skip65
\cftpartindent=\skip66
\cftbeforechapskip=\skip67
\cftchapindent=\skip68
\cftchapnumwidth=\skip69
\cftbeforesecskip=\skip70
\cftsecindent=\skip71
\cftsecnumwidth=\skip72
\cftbeforesubsecskip=\skip73
\cftsubsecindent=\skip74
\cftsubsecnumwidth=\skip75
\cftbeforesubsubsecskip=\skip76
\cftsubsubsecindent=\skip77
\cftsubsubsecnumwidth=\skip78
\cftbeforeparaskip=\skip79
\cftparaindent=\skip80
\cftparanumwidth=\skip81
\cftbeforesubparaskip=\skip82
\cftsubparaindent=\skip83
\cftsubparanumwidth=\skip84
\cftbeforeloftitleskip=\skip85
\cftafterloftitleskip=\skip86
\cftbeforefigskip=\skip87
\cftfigindent=\skip88
\cftfignumwidth=\skip89
\c@lofdepth=\count310
\c@lotdepth=\count311
\cftbeforelottitleskip=\skip90
\cftafterlottitleskip=\skip91
\cftbeforetabskip=\skip92
\cfttabindent=\skip93
\cfttabnumwidth=\skip94
)
(/usr/share/texlive/texmf-dist/tex/latex/listings/listings.sty
\lst@mode=\count312
\lst@gtempboxa=\box70
\lst@token=\toks50
\lst@length=\count313
\lst@currlwidth=\dimen278
\lst@column=\count314
\lst@pos=\count315
\lst@lostspace=\dimen279
\lst@width=\dimen280
\lst@newlines=\count316
\lst@lineno=\count317
\lst@maxwidth=\dimen281

(/usr/share/texlive/texmf-dist/tex/latex/listings/lstmisc.sty
File: lstmisc.sty 2023/02/27 1.9 (Carsten Heinz)
\c@lstnumber=\count318
\lst@skipnumbers=\count319
\lst@framebox=\box71
)
(/usr/share/texlive/texmf-dist/tex/latex/listings/listings.cfg
File: listings.cfg 2023/02/27 1.9 listings configuration
))
Package: listings 2023/02/27 1.9 (Carsten Heinz)

(/usr/share/texlive/texmf-dist/tex/latex/caption/caption.sty
Package: caption 2023/08/05 v3.6o Customizing captions (AR)

(/usr/share/texlive/texmf-dist/tex/latex/caption/caption3.sty
Package: caption3 2023/07/31 v2.4d caption3 kernel (AR)
\caption@tempdima=\dimen282
\captionmargin=\dimen283
\caption@leftmargin=\dimen284
\caption@rightmargin=\dimen285
\caption@width=\dimen286
\caption@indent=\dimen287
\caption@parindent=\dimen288
\caption@hangindent=\dimen289
Package caption Info: Standard document class detected.
)
\c@caption@flags=\count320
\c@continuedfloat=\count321
Package caption Info: float package is loaded.
Package caption Info: listings package is loaded.
Package caption Info: rotating package is loaded.
)
(/usr/share/texlive/texmf-dist/tex/latex/tempora/tempora.sty
Package: tempora 2016/02/02 (msharpe) Style file for Tempora.

(/usr/share/texlive/texmf-dist/tex/latex/base/fontenc.sty
Package: fontenc 2021/04/29 v2.0v Standard LaTeX package

(/usr/share/texlive/texmf-dist/tex/latex/cyrillic/ot2enc.def
File: ot2enc.def 2022/06/11 v3.3b Cyrillic encoding definition file
Now handling font encoding OT2 ...
... processing UTF-8 mapping file for font encoding OT2

(/usr/share/texlive/texmf-dist/tex/latex/base/ot2enc.dfu
File: ot2enc.dfu 2022/06/07 v1.3c UTF-8 support
   defining Unicode char U+00AB (decimal 171)
   defining Unicode char U+00BB (decimal 187)
   defining Unicode char U+0131 (decimal 305)
   defining Unicode char U+0237 (decimal 567)
   defining Unicode char U+0400 (decimal 1024)
   defining Unicode char U+0401 (decimal 1025)
   defining Unicode char U+0402 (decimal 1026)
   defining Unicode char U+0403 (decimal 1027)
   defining Unicode char U+0404 (decimal 1028)
   defining Unicode char U+0405 (decimal 1029)
   defining Unicode char U+0406 (decimal 1030)
   defining Unicode char U+0408 (decimal 1032)
   defining Unicode char U+0409 (decimal 1033)
   defining Unicode char U+040A (decimal 1034)
   defining Unicode char U+040B (decimal 1035)
   defining Unicode char U+040C (decimal 1036)
   defining Unicode char U+040D (decimal 1037)
   defining Unicode char U+040F (decimal 1039)
   defining Unicode char U+0410 (decimal 1040)
   defining Unicode char U+0411 (decimal 1041)
   defining Unicode char U+0412 (decimal 1042)
   defining Unicode char U+0413 (decimal 1043)
   defining Unicode char U+0414 (decimal 1044)
   defining Unicode char U+0415 (decimal 1045)
   defining Unicode char U+0416 (decimal 1046)
   defining Unicode char U+0417 (decimal 1047)
   defining Unicode char U+0418 (decimal 1048)
   defining Unicode char U+0419 (decimal 1049)
   defining Unicode char U+041A (decimal 1050)
   defining Unicode char U+041B (decimal 1051)
   defining Unicode char U+041C (decimal 1052)
   defining Unicode char U+041D (decimal 1053)
   defining Unicode char U+041E (decimal 1054)
   defining Unicode char U+041F (decimal 1055)
   defining Unicode char U+0420 (decimal 1056)
   defining Unicode char U+0421 (decimal 1057)
   defining Unicode char U+0422 (decimal 1058)
   defining Unicode char U+0423 (decimal 1059)
   defining Unicode char U+0424 (decimal 1060)
   defining Unicode char U+0425 (decimal 1061)
   defining Unicode char U+0426 (decimal 1062)
   defining Unicode char U+0427 (decimal 1063)
   defining Unicode char U+0428 (decimal 1064)
   defining Unicode char U+0429 (decimal 1065)
   defining Unicode char U+042A (decimal 1066)
   defining Unicode char U+042B (decimal 1067)
   defining Unicode char U+042C (decimal 1068)
   defining Unicode char U+042D (decimal 1069)
   defining Unicode char U+042E (decimal 1070)
   defining Unicode char U+042F (decimal 1071)
   defining Unicode char U+0430 (decimal 1072)
   defining Unicode char U+0431 (decimal 1073)
   defining Unicode char U+0432 (decimal 1074)
   defining Unicode char U+0433 (decimal 1075)
   defining Unicode char U+0434 (decimal 1076)
   defining Unicode char U+0435 (decimal 1077)
   defining Unicode char U+0436 (decimal 1078)
   defining Unicode char U+0437 (decimal 1079)
   defining Unicode char U+0438 (decimal 1080)
   defining Unicode char U+0439 (decimal 1081)
   defining Unicode char U+043A (decimal 1082)
   defining Unicode char U+043B (decimal 1083)
   defining Unicode char U+043C (decimal 1084)
   defining Unicode char U+043D (decimal 1085)
   defining Unicode char U+043E (decimal 1086)
   defining Unicode char U+043F (decimal 1087)
   defining Unicode char U+0440 (decimal 1088)
   defining Unicode char U+0441 (decimal 1089)
   defining Unicode char U+0442 (decimal 1090)
   defining Unicode char U+0443 (decimal 1091)
   defining Unicode char U+0444 (decimal 1092)
   defining Unicode char U+0445 (decimal 1093)
   defining Unicode char U+0446 (decimal 1094)
   defining Unicode char U+0447 (decimal 1095)
   defining Unicode char U+0448 (decimal 1096)
   defining Unicode char U+0449 (decimal 1097)
   defining Unicode char U+044A (decimal 1098)
   defining Unicode char U+044B (decimal 1099)
   defining Unicode char U+044C (decimal 1100)
   defining Unicode char U+044D (decimal 1101)
   defining Unicode char U+044E (decimal 1102)
   defining Unicode char U+044F (decimal 1103)
   defining Unicode char U+0450 (decimal 1104)
   defining Unicode char U+0451 (decimal 1105)
   defining Unicode char U+0452 (decimal 1106)
   defining Unicode char U+0453 (decimal 1107)
   defining Unicode char U+0454 (decimal 1108)
   defining Unicode char U+0455 (decimal 1109)
   defining Unicode char U+0456 (decimal 1110)
   defining Unicode char U+0458 (decimal 1112)
   defining Unicode char U+0459 (decimal 1113)
   defining Unicode char U+045A (decimal 1114)
   defining Unicode char U+045B (decimal 1115)
   defining Unicode char U+045C (decimal 1116)
   defining Unicode char U+045D (decimal 1117)
   defining Unicode char U+045F (decimal 1119)
   defining Unicode char U+0462 (decimal 1122)
   defining Unicode char U+0463 (decimal 1123)
   defining Unicode char U+0472 (decimal 1138)
   defining Unicode char U+0473 (decimal 1139)
   defining Unicode char U+0474 (decimal 1140)
   defining Unicode char U+0475 (decimal 1141)
   defining Unicode char U+04C1 (decimal 1217)
   defining Unicode char U+04C2 (decimal 1218)
   defining Unicode char U+04D0 (decimal 1232)
   defining Unicode char U+04D1 (decimal 1233)
   defining Unicode char U+04D2 (decimal 1234)
   defining Unicode char U+04D3 (decimal 1235)
   defining Unicode char U+04D6 (decimal 1238)
   defining Unicode char U+04D7 (decimal 1239)
   defining Unicode char U+04DC (decimal 1244)
   defining Unicode char U+04DD (decimal 1245)
   defining Unicode char U+04DE (decimal 1246)
   defining Unicode char U+04DF (decimal 1247)
   defining Unicode char U+04E2 (decimal 1250)
   defining Unicode char U+04E3 (decimal 1251)
   defining Unicode char U+04E4 (decimal 1252)
   defining Unicode char U+04E5 (decimal 1253)
   defining Unicode char U+04E6 (decimal 1254)
   defining Unicode char U+04E7 (decimal 1255)
   defining Unicode char U+04EC (decimal 1260)
   defining Unicode char U+04ED (decimal 1261)
   defining Unicode char U+04EE (decimal 1262)
   defining Unicode char U+04EF (decimal 1263)
   defining Unicode char U+04F0 (decimal 1264)
   defining Unicode char U+04F1 (decimal 1265)
   defining Unicode char U+04F2 (decimal 1266)
   defining Unicode char U+04F3 (decimal 1267)
   defining Unicode char U+04F4 (decimal 1268)
   defining Unicode char U+04F5 (decimal 1269)
   defining Unicode char U+04F8 (decimal 1272)
   defining Unicode char U+04F9 (decimal 1273)
   defining Unicode char U+2013 (decimal 8211)
   defining Unicode char U+2014 (decimal 8212)
   defining Unicode char U+2018 (decimal 8216)
   defining Unicode char U+2019 (decimal 8217)
   defining Unicode char U+201C (decimal 8220)
   defining Unicode char U+201D (decimal 8221)
   defining Unicode char U+2116 (decimal 8470)
)
\symOT2letters=\mathgroup6
)
(/usr/share/texlive/texmf-dist/tex/latex/cyrillic/t2cenc.def
File: t2cenc.def 2022/06/11 v1.0j Cyrillic encoding definition file
Now handling font encoding T2C ...
... processing UTF-8 mapping file for font encoding T2C

(/usr/share/texlive/texmf-dist/tex/latex/base/t2cenc.dfu
File: t2cenc.dfu 2022/06/07 v1.3c UTF-8 support
   defining Unicode char U+00A4 (decimal 164)
   defining Unicode char U+00A7 (decimal 167)
   defining Unicode char U+00AB (decimal 171)
   defining Unicode char U+00BB (decimal 187)
   defining Unicode char U+0131 (decimal 305)
   defining Unicode char U+0237 (decimal 567)
   defining Unicode char U+0400 (decimal 1024)
   defining Unicode char U+0401 (decimal 1025)
   defining Unicode char U+0403 (decimal 1027)
   defining Unicode char U+0405 (decimal 1029)
   defining Unicode char U+0406 (decimal 1030)
   defining Unicode char U+0408 (decimal 1032)
   defining Unicode char U+040C (decimal 1036)
   defining Unicode char U+040D (decimal 1037)
   defining Unicode char U+040F (decimal 1039)
   defining Unicode char U+0410 (decimal 1040)
   defining Unicode char U+0411 (decimal 1041)
   defining Unicode char U+0412 (decimal 1042)
   defining Unicode char U+0413 (decimal 1043)
   defining Unicode char U+0414 (decimal 1044)
   defining Unicode char U+0415 (decimal 1045)
   defining Unicode char U+0416 (decimal 1046)
   defining Unicode char U+0417 (decimal 1047)
   defining Unicode char U+0418 (decimal 1048)
   defining Unicode char U+0419 (decimal 1049)
   defining Unicode char U+041A (decimal 1050)
   defining Unicode char U+041B (decimal 1051)
   defining Unicode char U+041C (decimal 1052)
   defining Unicode char U+041D (decimal 1053)
   defining Unicode char U+041E (decimal 1054)
   defining Unicode char U+041F (decimal 1055)
   defining Unicode char U+0420 (decimal 1056)
   defining Unicode char U+0421 (decimal 1057)
   defining Unicode char U+0422 (decimal 1058)
   defining Unicode char U+0423 (decimal 1059)
   defining Unicode char U+0424 (decimal 1060)
   defining Unicode char U+0425 (decimal 1061)
   defining Unicode char U+0426 (decimal 1062)
   defining Unicode char U+0427 (decimal 1063)
   defining Unicode char U+0428 (decimal 1064)
   defining Unicode char U+0429 (decimal 1065)
   defining Unicode char U+042A (decimal 1066)
   defining Unicode char U+042B (decimal 1067)
   defining Unicode char U+042C (decimal 1068)
   defining Unicode char U+042D (decimal 1069)
   defining Unicode char U+042E (decimal 1070)
   defining Unicode char U+042F (decimal 1071)
   defining Unicode char U+0430 (decimal 1072)
   defining Unicode char U+0431 (decimal 1073)
   defining Unicode char U+0432 (decimal 1074)
   defining Unicode char U+0433 (decimal 1075)
   defining Unicode char U+0434 (decimal 1076)
   defining Unicode char U+0435 (decimal 1077)
   defining Unicode char U+0436 (decimal 1078)
   defining Unicode char U+0437 (decimal 1079)
   defining Unicode char U+0438 (decimal 1080)
   defining Unicode char U+0439 (decimal 1081)
   defining Unicode char U+043A (decimal 1082)
   defining Unicode char U+043B (decimal 1083)
   defining Unicode char U+043C (decimal 1084)
   defining Unicode char U+043D (decimal 1085)
   defining Unicode char U+043E (decimal 1086)
   defining Unicode char U+043F (decimal 1087)
   defining Unicode char U+0440 (decimal 1088)
   defining Unicode char U+0441 (decimal 1089)
   defining Unicode char U+0442 (decimal 1090)
   defining Unicode char U+0443 (decimal 1091)
   defining Unicode char U+0444 (decimal 1092)
   defining Unicode char U+0445 (decimal 1093)
   defining Unicode char U+0446 (decimal 1094)
   defining Unicode char U+0447 (decimal 1095)
   defining Unicode char U+0448 (decimal 1096)
   defining Unicode char U+0449 (decimal 1097)
   defining Unicode char U+044A (decimal 1098)
   defining Unicode char U+044B (decimal 1099)
   defining Unicode char U+044C (decimal 1100)
   defining Unicode char U+044D (decimal 1101)
   defining Unicode char U+044E (decimal 1102)
   defining Unicode char U+044F (decimal 1103)
   defining Unicode char U+0450 (decimal 1104)
   defining Unicode char U+0451 (decimal 1105)
   defining Unicode char U+0453 (decimal 1107)
   defining Unicode char U+0455 (decimal 1109)
   defining Unicode char U+0456 (decimal 1110)
   defining Unicode char U+0458 (decimal 1112)
   defining Unicode char U+045C (decimal 1116)
   defining Unicode char U+045D (decimal 1117)
   defining Unicode char U+045F (decimal 1119)
   defining Unicode char U+048C (decimal 1164)
   defining Unicode char U+048D (decimal 1165)
   defining Unicode char U+048E (decimal 1166)
   defining Unicode char U+048F (decimal 1167)
   defining Unicode char U+0494 (decimal 1172)
   defining Unicode char U+0495 (decimal 1173)
   defining Unicode char U+049A (decimal 1178)
   defining Unicode char U+049B (decimal 1179)
   defining Unicode char U+049E (decimal 1182)
   defining Unicode char U+049F (decimal 1183)
   defining Unicode char U+04A2 (decimal 1186)
   defining Unicode char U+04A3 (decimal 1187)
   defining Unicode char U+04A6 (decimal 1190)
   defining Unicode char U+04A7 (decimal 1191)
   defining Unicode char U+04A8 (decimal 1192)
   defining Unicode char U+04A9 (decimal 1193)
   defining Unicode char U+04AC (decimal 1196)
   defining Unicode char U+04AD (decimal 1197)
   defining Unicode char U+04B2 (decimal 1202)
   defining Unicode char U+04B3 (decimal 1203)
   defining Unicode char U+04B4 (decimal 1204)
   defining Unicode char U+04B5 (decimal 1205)
   defining Unicode char U+04B6 (decimal 1206)
   defining Unicode char U+04B7 (decimal 1207)
   defining Unicode char U+04BA (decimal 1210)
   defining Unicode char U+04BB (decimal 1211)
   defining Unicode char U+04BC (decimal 1212)
   defining Unicode char U+04BD (decimal 1213)
   defining Unicode char U+04BE (decimal 1214)
   defining Unicode char U+04BF (decimal 1215)
   defining Unicode char U+04C0 (decimal 1216)
   defining Unicode char U+04C1 (decimal 1217)
   defining Unicode char U+04C2 (decimal 1218)
   defining Unicode char U+04C5 (decimal 1221)
   defining Unicode char U+04C6 (decimal 1222)
   defining Unicode char U+04C7 (decimal 1223)
   defining Unicode char U+04C8 (decimal 1224)
   defining Unicode char U+04CD (decimal 1229)
   defining Unicode char U+04CE (decimal 1230)
   defining Unicode char U+04D0 (decimal 1232)
   defining Unicode char U+04D1 (decimal 1233)
   defining Unicode char U+04D2 (decimal 1234)
   defining Unicode char U+04D3 (decimal 1235)
   defining Unicode char U+04D6 (decimal 1238)
   defining Unicode char U+04D7 (decimal 1239)
   defining Unicode char U+04D8 (decimal 1240)
   defining Unicode char U+04D9 (decimal 1241)
   defining Unicode char U+04DA (decimal 1242)
   defining Unicode char U+04DB (decimal 1243)
   defining Unicode char U+04DC (decimal 1244)
   defining Unicode char U+04DD (decimal 1245)
   defining Unicode char U+04DE (decimal 1246)
   defining Unicode char U+04DF (decimal 1247)
   defining Unicode char U+04E0 (decimal 1248)
   defining Unicode char U+04E1 (decimal 1249)
   defining Unicode char U+04E2 (decimal 1250)
   defining Unicode char U+04E3 (decimal 1251)
   defining Unicode char U+04E4 (decimal 1252)
   defining Unicode char U+04E5 (decimal 1253)
   defining Unicode char U+04E6 (decimal 1254)
   defining Unicode char U+04E7 (decimal 1255)
   defining Unicode char U+04E8 (decimal 1256)
   defining Unicode char U+04E9 (decimal 1257)
   defining Unicode char U+04EC (decimal 1260)
   defining Unicode char U+04ED (decimal 1261)
   defining Unicode char U+04EE (decimal 1262)
   defining Unicode char U+04EF (decimal 1263)
   defining Unicode char U+04F0 (decimal 1264)
   defining Unicode char U+04F1 (decimal 1265)
   defining Unicode char U+04F2 (decimal 1266)
   defining Unicode char U+04F3 (decimal 1267)
   defining Unicode char U+04F4 (decimal 1268)
   defining Unicode char U+04F5 (decimal 1269)
   defining Unicode char U+04F8 (decimal 1272)
   defining Unicode char U+04F9 (decimal 1273)
   defining Unicode char U+200C (decimal 8204)
   defining Unicode char U+2013 (decimal 8211)
   defining Unicode char U+2014 (decimal 8212)
   defining Unicode char U+2018 (decimal 8216)
   defining Unicode char U+2019 (decimal 8217)
   defining Unicode char U+201C (decimal 8220)
   defining Unicode char U+201D (decimal 8221)
   defining Unicode char U+201E (decimal 8222)
   defining Unicode char U+2030 (decimal 8240)
   defining Unicode char U+2031 (decimal 8241)
   defining Unicode char U+2116 (decimal 8470)
   defining Unicode char U+2329 (decimal 9001)
   defining Unicode char U+3008 (decimal 12296)
   defining Unicode char U+232A (decimal 9002)
   defining Unicode char U+3009 (decimal 12297)
   defining Unicode char U+2423 (decimal 9251)
   defining Unicode char U+27E8 (decimal 10216)
   defining Unicode char U+27E9 (decimal 10217)
   defining Unicode char U+FB00 (decimal 64256)
   defining Unicode char U+FB01 (decimal 64257)
   defining Unicode char U+FB02 (decimal 64258)
   defining Unicode char U+FB03 (decimal 64259)
   defining Unicode char U+FB04 (decimal 64260)
   defining Unicode char U+FB05 (decimal 64261)
   defining Unicode char U+FB06 (decimal 64262)
)
\symT2Cletters=\mathgroup7
)
(/usr/share/texlive/texmf-dist/tex/latex/cyrillic/t2benc.def
File: t2benc.def 2022/06/11 v1.0j Cyrillic encoding definition file
Now handling font encoding T2B ...
... processing UTF-8 mapping file for font encoding T2B

(/usr/share/texlive/texmf-dist/tex/latex/base/t2benc.dfu
File: t2benc.dfu 2022/06/07 v1.3c UTF-8 support
   defining Unicode char U+00A4 (decimal 164)
   defining Unicode char U+00A7 (decimal 167)
   defining Unicode char U+00AB (decimal 171)
   defining Unicode char U+00BB (decimal 187)
   defining Unicode char U+0131 (decimal 305)
   defining Unicode char U+0237 (decimal 567)
   defining Unicode char U+0400 (decimal 1024)
   defining Unicode char U+0401 (decimal 1025)
   defining Unicode char U+0403 (decimal 1027)
   defining Unicode char U+0405 (decimal 1029)
   defining Unicode char U+0406 (decimal 1030)
   defining Unicode char U+0408 (decimal 1032)
   defining Unicode char U+0409 (decimal 1033)
   defining Unicode char U+040A (decimal 1034)
   defining Unicode char U+040C (decimal 1036)
   defining Unicode char U+040D (decimal 1037)
   defining Unicode char U+040E (decimal 1038)
   defining Unicode char U+0410 (decimal 1040)
   defining Unicode char U+0411 (decimal 1041)
   defining Unicode char U+0412 (decimal 1042)
   defining Unicode char U+0413 (decimal 1043)
   defining Unicode char U+0414 (decimal 1044)
   defining Unicode char U+0415 (decimal 1045)
   defining Unicode char U+0416 (decimal 1046)
   defining Unicode char U+0417 (decimal 1047)
   defining Unicode char U+0418 (decimal 1048)
   defining Unicode char U+0419 (decimal 1049)
   defining Unicode char U+041A (decimal 1050)
   defining Unicode char U+041B (decimal 1051)
   defining Unicode char U+041C (decimal 1052)
   defining Unicode char U+041D (decimal 1053)
   defining Unicode char U+041E (decimal 1054)
   defining Unicode char U+041F (decimal 1055)
   defining Unicode char U+0420 (decimal 1056)
   defining Unicode char U+0421 (decimal 1057)
   defining Unicode char U+0422 (decimal 1058)
   defining Unicode char U+0423 (decimal 1059)
   defining Unicode char U+0424 (decimal 1060)
   defining Unicode char U+0425 (decimal 1061)
   defining Unicode char U+0426 (decimal 1062)
   defining Unicode char U+0427 (decimal 1063)
   defining Unicode char U+0428 (decimal 1064)
   defining Unicode char U+0429 (decimal 1065)
   defining Unicode char U+042A (decimal 1066)
   defining Unicode char U+042B (decimal 1067)
   defining Unicode char U+042C (decimal 1068)
   defining Unicode char U+042D (decimal 1069)
   defining Unicode char U+042E (decimal 1070)
   defining Unicode char U+042F (decimal 1071)
   defining Unicode char U+0430 (decimal 1072)
   defining Unicode char U+0431 (decimal 1073)
   defining Unicode char U+0432 (decimal 1074)
   defining Unicode char U+0433 (decimal 1075)
   defining Unicode char U+0434 (decimal 1076)
   defining Unicode char U+0435 (decimal 1077)
   defining Unicode char U+0436 (decimal 1078)
   defining Unicode char U+0437 (decimal 1079)
   defining Unicode char U+0438 (decimal 1080)
   defining Unicode char U+0439 (decimal 1081)
   defining Unicode char U+043A (decimal 1082)
   defining Unicode char U+043B (decimal 1083)
   defining Unicode char U+043C (decimal 1084)
   defining Unicode char U+043D (decimal 1085)
   defining Unicode char U+043E (decimal 1086)
   defining Unicode char U+043F (decimal 1087)
   defining Unicode char U+0440 (decimal 1088)
   defining Unicode char U+0441 (decimal 1089)
   defining Unicode char U+0442 (decimal 1090)
   defining Unicode char U+0443 (decimal 1091)
   defining Unicode char U+0444 (decimal 1092)
   defining Unicode char U+0445 (decimal 1093)
   defining Unicode char U+0446 (decimal 1094)
   defining Unicode char U+0447 (decimal 1095)
   defining Unicode char U+0448 (decimal 1096)
   defining Unicode char U+0449 (decimal 1097)
   defining Unicode char U+044A (decimal 1098)
   defining Unicode char U+044B (decimal 1099)
   defining Unicode char U+044C (decimal 1100)
   defining Unicode char U+044D (decimal 1101)
   defining Unicode char U+044E (decimal 1102)
   defining Unicode char U+044F (decimal 1103)
   defining Unicode char U+0450 (decimal 1104)
   defining Unicode char U+0451 (decimal 1105)
   defining Unicode char U+0453 (decimal 1107)
   defining Unicode char U+0455 (decimal 1109)
   defining Unicode char U+0456 (decimal 1110)
   defining Unicode char U+0458 (decimal 1112)
   defining Unicode char U+0459 (decimal 1113)
   defining Unicode char U+045A (decimal 1114)
   defining Unicode char U+045C (decimal 1116)
   defining Unicode char U+045D (decimal 1117)
   defining Unicode char U+045E (decimal 1118)
   defining Unicode char U+0492 (decimal 1170)
   defining Unicode char U+0493 (decimal 1171)
   defining Unicode char U+0494 (decimal 1172)
   defining Unicode char U+0495 (decimal 1173)
   defining Unicode char U+0496 (decimal 1174)
   defining Unicode char U+0497 (decimal 1175)
   defining Unicode char U+049A (decimal 1178)
   defining Unicode char U+049B (decimal 1179)
   defining Unicode char U+04A2 (decimal 1186)
   defining Unicode char U+04A3 (decimal 1187)
   defining Unicode char U+04A4 (decimal 1188)
   defining Unicode char U+04A5 (decimal 1189)
   defining Unicode char U+04AE (decimal 1198)
   defining Unicode char U+04AF (decimal 1199)
   defining Unicode char U+04B2 (decimal 1202)
   defining Unicode char U+04B3 (decimal 1203)
   defining Unicode char U+04B6 (decimal 1206)
   defining Unicode char U+04B7 (decimal 1207)
   defining Unicode char U+04BA (decimal 1210)
   defining Unicode char U+04BB (decimal 1211)
   defining Unicode char U+04C0 (decimal 1216)
   defining Unicode char U+04C1 (decimal 1217)
   defining Unicode char U+04C2 (decimal 1218)
   defining Unicode char U+04C3 (decimal 1219)
   defining Unicode char U+04C4 (decimal 1220)
   defining Unicode char U+04C5 (decimal 1221)
   defining Unicode char U+04C6 (decimal 1222)
   defining Unicode char U+04C7 (decimal 1223)
   defining Unicode char U+04C8 (decimal 1224)
   defining Unicode char U+04CB (decimal 1227)
   defining Unicode char U+04CC (decimal 1228)
   defining Unicode char U+04D0 (decimal 1232)
   defining Unicode char U+04D1 (decimal 1233)
   defining Unicode char U+04D2 (decimal 1234)
   defining Unicode char U+04D3 (decimal 1235)
   defining Unicode char U+04D6 (decimal 1238)
   defining Unicode char U+04D7 (decimal 1239)
   defining Unicode char U+04D8 (decimal 1240)
   defining Unicode char U+04D9 (decimal 1241)
   defining Unicode char U+04DA (decimal 1242)
   defining Unicode char U+04DB (decimal 1243)
   defining Unicode char U+04DC (decimal 1244)
   defining Unicode char U+04DD (decimal 1245)
   defining Unicode char U+04DE (decimal 1246)
   defining Unicode char U+04DF (decimal 1247)
   defining Unicode char U+04E0 (decimal 1248)
   defining Unicode char U+04E1 (decimal 1249)
   defining Unicode char U+04E2 (decimal 1250)
   defining Unicode char U+04E3 (decimal 1251)
   defining Unicode char U+04E4 (decimal 1252)
   defining Unicode char U+04E5 (decimal 1253)
   defining Unicode char U+04E6 (decimal 1254)
   defining Unicode char U+04E7 (decimal 1255)
   defining Unicode char U+04E8 (decimal 1256)
   defining Unicode char U+04E9 (decimal 1257)
   defining Unicode char U+04EC (decimal 1260)
   defining Unicode char U+04ED (decimal 1261)
   defining Unicode char U+04EE (decimal 1262)
   defining Unicode char U+04EF (decimal 1263)
   defining Unicode char U+04F0 (decimal 1264)
   defining Unicode char U+04F1 (decimal 1265)
   defining Unicode char U+04F2 (decimal 1266)
   defining Unicode char U+04F3 (decimal 1267)
   defining Unicode char U+04F4 (decimal 1268)
   defining Unicode char U+04F5 (decimal 1269)
   defining Unicode char U+04F6 (decimal 1270)
   defining Unicode char U+04F7 (decimal 1271)
   defining Unicode char U+04F8 (decimal 1272)
   defining Unicode char U+04F9 (decimal 1273)
   defining Unicode char U+04FA (decimal 1274)
   defining Unicode char U+04FB (decimal 1275)
   defining Unicode char U+04FC (decimal 1276)
   defining Unicode char U+04FD (decimal 1277)
   defining Unicode char U+04FE (decimal 1278)
   defining Unicode char U+04FF (decimal 1279)
   defining Unicode char U+200C (decimal 8204)
   defining Unicode char U+2013 (decimal 8211)
   defining Unicode char U+2014 (decimal 8212)
   defining Unicode char U+2018 (decimal 8216)
   defining Unicode char U+2019 (decimal 8217)
   defining Unicode char U+201C (decimal 8220)
   defining Unicode char U+201D (decimal 8221)
   defining Unicode char U+201E (decimal 8222)
   defining Unicode char U+2030 (decimal 8240)
   defining Unicode char U+2031 (decimal 8241)
   defining Unicode char U+2116 (decimal 8470)
   defining Unicode char U+2329 (decimal 9001)
   defining Unicode char U+3008 (decimal 12296)
   defining Unicode char U+232A (decimal 9002)
   defining Unicode char U+3009 (decimal 12297)
   defining Unicode char U+2423 (decimal 9251)
   defining Unicode char U+27E8 (decimal 10216)
   defining Unicode char U+27E9 (decimal 10217)
   defining Unicode char U+FB00 (decimal 64256)
   defining Unicode char U+FB01 (decimal 64257)
   defining Unicode char U+FB02 (decimal 64258)
   defining Unicode char U+FB03 (decimal 64259)
   defining Unicode char U+FB04 (decimal 64260)
   defining Unicode char U+FB05 (decimal 64261)
   defining Unicode char U+FB06 (decimal 64262)
)
\symT2Bletters=\mathgroup8
)
(/usr/share/texlive/texmf-dist/tex/latex/greek-fontenc/lgrenc.def
File: lgrenc.def 2023-09-12 2.5 LGR Greek font encoding definitions
Now handling font encoding LGR ...
... processing UTF-8 mapping file for font encoding LGR

(/usr/share/texlive/texmf-dist/tex/latex/greek-inputenc/lgrenc.dfu
File: lgrenc.dfu 2023-03-21 1.9 UTF-8 support for Greek
   defining Unicode char U+00A8 (decimal 168)
   defining Unicode char U+00AB (decimal 171)
   defining Unicode char U+00AF (decimal 175)
   defining Unicode char U+00B4 (decimal 180)
   defining Unicode char U+00B7 (decimal 183)
   defining Unicode char U+00BB (decimal 187)
   defining Unicode char U+0259 (decimal 601)
   defining Unicode char U+02D8 (decimal 728)
   defining Unicode char U+0374 (decimal 884)
   defining Unicode char U+0375 (decimal 885)
   defining Unicode char U+037A (decimal 890)
   defining Unicode char U+037E (decimal 894)
   defining Unicode char U+0384 (decimal 900)
   defining Unicode char U+0385 (decimal 901)
   defining Unicode char U+0386 (decimal 902)
   defining Unicode char U+0387 (decimal 903)
   defining Unicode char U+0388 (decimal 904)
   defining Unicode char U+0389 (decimal 905)
   defining Unicode char U+038A (decimal 906)
   defining Unicode char U+038C (decimal 908)
   defining Unicode char U+038E (decimal 910)
   defining Unicode char U+038F (decimal 911)
   defining Unicode char U+0390 (decimal 912)
   defining Unicode char U+0391 (decimal 913)
   defining Unicode char U+0392 (decimal 914)
   defining Unicode char U+0393 (decimal 915)
   defining Unicode char U+0394 (decimal 916)
   defining Unicode char U+0395 (decimal 917)
   defining Unicode char U+0396 (decimal 918)
   defining Unicode char U+0397 (decimal 919)
   defining Unicode char U+0398 (decimal 920)
   defining Unicode char U+0399 (decimal 921)
   defining Unicode char U+039A (decimal 922)
   defining Unicode char U+039B (decimal 923)
   defining Unicode char U+039C (decimal 924)
   defining Unicode char U+039D (decimal 925)
   defining Unicode char U+039E (decimal 926)
   defining Unicode char U+039F (decimal 927)
   defining Unicode char U+03A0 (decimal 928)
   defining Unicode char U+03A1 (decimal 929)
   defining Unicode char U+03A3 (decimal 931)
   defining Unicode char U+03A4 (decimal 932)
   defining Unicode char U+03A5 (decimal 933)
   defining Unicode char U+03A6 (decimal 934)
   defining Unicode char U+03A7 (decimal 935)
   defining Unicode char U+03A8 (decimal 936)
   defining Unicode char U+03A9 (decimal 937)
   defining Unicode char U+03AA (decimal 938)
   defining Unicode char U+03AB (decimal 939)
   defining Unicode char U+03AC (decimal 940)
   defining Unicode char U+03AD (decimal 941)
   defining Unicode char U+03AE (decimal 942)
   defining Unicode char U+03AF (decimal 943)
   defining Unicode char U+03B0 (decimal 944)
   defining Unicode char U+03B1 (decimal 945)
   defining Unicode char U+03B2 (decimal 946)
   defining Unicode char U+03B3 (decimal 947)
   defining Unicode char U+03B4 (decimal 948)
   defining Unicode char U+03B5 (decimal 949)
   defining Unicode char U+03B6 (decimal 950)
   defining Unicode char U+03B7 (decimal 951)
   defining Unicode char U+03B8 (decimal 952)
   defining Unicode char U+03B9 (decimal 953)
   defining Unicode char U+03BA (decimal 954)
   defining Unicode char U+03BB (decimal 955)
   defining Unicode char U+03BC (decimal 956)
   defining Unicode char U+03BD (decimal 957)
   defining Unicode char U+03BE (decimal 958)
   defining Unicode char U+03BF (decimal 959)
   defining Unicode char U+03C0 (decimal 960)
   defining Unicode char U+03C1 (decimal 961)
   defining Unicode char U+03C2 (decimal 962)
   defining Unicode char U+03C3 (decimal 963)
   defining Unicode char U+03C4 (decimal 964)
   defining Unicode char U+03C5 (decimal 965)
   defining Unicode char U+03C6 (decimal 966)
   defining Unicode char U+03C7 (decimal 967)
   defining Unicode char U+03C8 (decimal 968)
   defining Unicode char U+03C9 (decimal 969)
   defining Unicode char U+03CA (decimal 970)
   defining Unicode char U+03CB (decimal 971)
   defining Unicode char U+03CC (decimal 972)
   defining Unicode char U+03CD (decimal 973)
   defining Unicode char U+03CE (decimal 974)
   defining Unicode char U+03D0 (decimal 976)
   defining Unicode char U+03D1 (decimal 977)
   defining Unicode char U+03D5 (decimal 981)
   defining Unicode char U+03D6 (decimal 982)
   defining Unicode char U+03D8 (decimal 984)
   defining Unicode char U+03D9 (decimal 985)
   defining Unicode char U+03DA (decimal 986)
   defining Unicode char U+03DB (decimal 987)
   defining Unicode char U+03DC (decimal 988)
   defining Unicode char U+03DD (decimal 989)
   defining Unicode char U+03DE (decimal 990)
   defining Unicode char U+03DF (decimal 991)
   defining Unicode char U+03E0 (decimal 992)
   defining Unicode char U+03E1 (decimal 993)
   defining Unicode char U+03F0 (decimal 1008)
   defining Unicode char U+03F1 (decimal 1009)
   defining Unicode char U+03F4 (decimal 1012)
   defining Unicode char U+03F5 (decimal 1013)
   defining Unicode char U+1F00 (decimal 7936)
   defining Unicode char U+1F01 (decimal 7937)
   defining Unicode char U+1F02 (decimal 7938)
   defining Unicode char U+1F03 (decimal 7939)
   defining Unicode char U+1F04 (decimal 7940)
   defining Unicode char U+1F05 (decimal 7941)
   defining Unicode char U+1F06 (decimal 7942)
   defining Unicode char U+1F07 (decimal 7943)
   defining Unicode char U+1F08 (decimal 7944)
   defining Unicode char U+1F09 (decimal 7945)
   defining Unicode char U+1F0A (decimal 7946)
   defining Unicode char U+1F0B (decimal 7947)
   defining Unicode char U+1F0C (decimal 7948)
   defining Unicode char U+1F0D (decimal 7949)
   defining Unicode char U+1F0E (decimal 7950)
   defining Unicode char U+1F0F (decimal 7951)
   defining Unicode char U+1F10 (decimal 7952)
   defining Unicode char U+1F11 (decimal 7953)
   defining Unicode char U+1F12 (decimal 7954)
   defining Unicode char U+1F13 (decimal 7955)
   defining Unicode char U+1F14 (decimal 7956)
   defining Unicode char U+1F15 (decimal 7957)
   defining Unicode char U+1F18 (decimal 7960)
   defining Unicode char U+1F19 (decimal 7961)
   defining Unicode char U+1F1A (decimal 7962)
   defining Unicode char U+1F1B (decimal 7963)
   defining Unicode char U+1F1C (decimal 7964)
   defining Unicode char U+1F1D (decimal 7965)
   defining Unicode char U+1F20 (decimal 7968)
   defining Unicode char U+1F21 (decimal 7969)
   defining Unicode char U+1F22 (decimal 7970)
   defining Unicode char U+1F23 (decimal 7971)
   defining Unicode char U+1F24 (decimal 7972)
   defining Unicode char U+1F25 (decimal 7973)
   defining Unicode char U+1F26 (decimal 7974)
   defining Unicode char U+1F27 (decimal 7975)
   defining Unicode char U+1F28 (decimal 7976)
   defining Unicode char U+1F29 (decimal 7977)
   defining Unicode char U+1F2A (decimal 7978)
   defining Unicode char U+1F2B (decimal 7979)
   defining Unicode char U+1F2C (decimal 7980)
   defining Unicode char U+1F2D (decimal 7981)
   defining Unicode char U+1F2E (decimal 7982)
   defining Unicode char U+1F2F (decimal 7983)
   defining Unicode char U+1F30 (decimal 7984)
   defining Unicode char U+1F31 (decimal 7985)
   defining Unicode char U+1F32 (decimal 7986)
   defining Unicode char U+1F33 (decimal 7987)
   defining Unicode char U+1F34 (decimal 7988)
   defining Unicode char U+1F35 (decimal 7989)
   defining Unicode char U+1F36 (decimal 7990)
   defining Unicode char U+1F37 (decimal 7991)
   defining Unicode char U+1F38 (decimal 7992)
   defining Unicode char U+1F39 (decimal 7993)
   defining Unicode char U+1F3A (decimal 7994)
   defining Unicode char U+1F3B (decimal 7995)
   defining Unicode char U+1F3C (decimal 7996)
   defining Unicode char U+1F3D (decimal 7997)
   defining Unicode char U+1F3E (decimal 7998)
   defining Unicode char U+1F3F (decimal 7999)
   defining Unicode char U+1F40 (decimal 8000)
   defining Unicode char U+1F41 (decimal 8001)
   defining Unicode char U+1F42 (decimal 8002)
   defining Unicode char U+1F43 (decimal 8003)
   defining Unicode char U+1F44 (decimal 8004)
   defining Unicode char U+1F45 (decimal 8005)
   defining Unicode char U+1F48 (decimal 8008)
   defining Unicode char U+1F49 (decimal 8009)
   defining Unicode char U+1F4A (decimal 8010)
   defining Unicode char U+1F4B (decimal 8011)
   defining Unicode char U+1F4C (decimal 8012)
   defining Unicode char U+1F4D (decimal 8013)
   defining Unicode char U+1F50 (decimal 8016)
   defining Unicode char U+1F51 (decimal 8017)
   defining Unicode char U+1F52 (decimal 8018)
   defining Unicode char U+1F53 (decimal 8019)
   defining Unicode char U+1F54 (decimal 8020)
   defining Unicode char U+1F55 (decimal 8021)
   defining Unicode char U+1F56 (decimal 8022)
   defining Unicode char U+1F57 (decimal 8023)
   defining Unicode char U+1F59 (decimal 8025)
   defining Unicode char U+1F5B (decimal 8027)
   defining Unicode char U+1F5D (decimal 8029)
   defining Unicode char U+1F5F (decimal 8031)
   defining Unicode char U+1F60 (decimal 8032)
   defining Unicode char U+1F61 (decimal 8033)
   defining Unicode char U+1F62 (decimal 8034)
   defining Unicode char U+1F63 (decimal 8035)
   defining Unicode char U+1F64 (decimal 8036)
   defining Unicode char U+1F65 (decimal 8037)
   defining Unicode char U+1F66 (decimal 8038)
   defining Unicode char U+1F67 (decimal 8039)
   defining Unicode char U+1F68 (decimal 8040)
   defining Unicode char U+1F69 (decimal 8041)
   defining Unicode char U+1F6A (decimal 8042)
   defining Unicode char U+1F6B (decimal 8043)
   defining Unicode char U+1F6C (decimal 8044)
   defining Unicode char U+1F6D (decimal 8045)
   defining Unicode char U+1F6E (decimal 8046)
   defining Unicode char U+1F6F (decimal 8047)
   defining Unicode char U+1F70 (decimal 8048)
   defining Unicode char U+1F71 (decimal 8049)
   defining Unicode char U+1F72 (decimal 8050)
   defining Unicode char U+1F73 (decimal 8051)
   defining Unicode char U+1F74 (decimal 8052)
   defining Unicode char U+1F75 (decimal 8053)
   defining Unicode char U+1F76 (decimal 8054)
   defining Unicode char U+1F77 (decimal 8055)
   defining Unicode char U+1F78 (decimal 8056)
   defining Unicode char U+1F79 (decimal 8057)
   defining Unicode char U+1F7A (decimal 8058)
   defining Unicode char U+1F7B (decimal 8059)
   defining Unicode char U+1F7C (decimal 8060)
   defining Unicode char U+1F7D (decimal 8061)
   defining Unicode char U+1F80 (decimal 8064)
   defining Unicode char U+1F81 (decimal 8065)
   defining Unicode char U+1F82 (decimal 8066)
   defining Unicode char U+1F83 (decimal 8067)
   defining Unicode char U+1F84 (decimal 8068)
   defining Unicode char U+1F85 (decimal 8069)
   defining Unicode char U+1F86 (decimal 8070)
   defining Unicode char U+1F87 (decimal 8071)
   defining Unicode char U+1F88 (decimal 8072)
   defining Unicode char U+1F89 (decimal 8073)
   defining Unicode char U+1F8A (decimal 8074)
   defining Unicode char U+1F8B (decimal 8075)
   defining Unicode char U+1F8C (decimal 8076)
   defining Unicode char U+1F8D (decimal 8077)
   defining Unicode char U+1F8E (decimal 8078)
   defining Unicode char U+1F8F (decimal 8079)
   defining Unicode char U+1F90 (decimal 8080)
   defining Unicode char U+1F91 (decimal 8081)
   defining Unicode char U+1F92 (decimal 8082)
   defining Unicode char U+1F93 (decimal 8083)
   defining Unicode char U+1F94 (decimal 8084)
   defining Unicode char U+1F95 (decimal 8085)
   defining Unicode char U+1F96 (decimal 8086)
   defining Unicode char U+1F97 (decimal 8087)
   defining Unicode char U+1F98 (decimal 8088)
   defining Unicode char U+1F99 (decimal 8089)
   defining Unicode char U+1F9A (decimal 8090)
   defining Unicode char U+1F9B (decimal 8091)
   defining Unicode char U+1F9C (decimal 8092)
   defining Unicode char U+1F9D (decimal 8093)
   defining Unicode char U+1F9E (decimal 8094)
   defining Unicode char U+1F9F (decimal 8095)
   defining Unicode char U+1FA0 (decimal 8096)
   defining Unicode char U+1FA1 (decimal 8097)
   defining Unicode char U+1FA2 (decimal 8098)
   defining Unicode char U+1FA3 (decimal 8099)
   defining Unicode char U+1FA4 (decimal 8100)
   defining Unicode char U+1FA5 (decimal 8101)
   defining Unicode char U+1FA6 (decimal 8102)
   defining Unicode char U+1FA7 (decimal 8103)
   defining Unicode char U+1FA8 (decimal 8104)
   defining Unicode char U+1FA9 (decimal 8105)
   defining Unicode char U+1FAA (decimal 8106)
   defining Unicode char U+1FAB (decimal 8107)
   defining Unicode char U+1FAC (decimal 8108)
   defining Unicode char U+1FAD (decimal 8109)
   defining Unicode char U+1FAE (decimal 8110)
   defining Unicode char U+1FAF (decimal 8111)
   defining Unicode char U+1FB0 (decimal 8112)
   defining Unicode char U+1FB1 (decimal 8113)
   defining Unicode char U+1FB2 (decimal 8114)
   defining Unicode char U+1FB3 (decimal 8115)
   defining Unicode char U+1FB4 (decimal 8116)
   defining Unicode char U+1FB6 (decimal 8118)
   defining Unicode char U+1FB7 (decimal 8119)
   defining Unicode char U+1FB8 (decimal 8120)
   defining Unicode char U+1FB9 (decimal 8121)
   defining Unicode char U+1FBA (decimal 8122)
   defining Unicode char U+1FBB (decimal 8123)
   defining Unicode char U+1FBC (decimal 8124)
   defining Unicode char U+1FBD (decimal 8125)
   defining Unicode char U+1FBE (decimal 8126)
   defining Unicode char U+1FBF (decimal 8127)
   defining Unicode char U+1FC0 (decimal 8128)
   defining Unicode char U+1FC1 (decimal 8129)
   defining Unicode char U+1FC2 (decimal 8130)
   defining Unicode char U+1FC3 (decimal 8131)
   defining Unicode char U+1FC4 (decimal 8132)
   defining Unicode char U+1FC6 (decimal 8134)
   defining Unicode char U+1FC7 (decimal 8135)
   defining Unicode char U+1FC8 (decimal 8136)
   defining Unicode char U+1FC9 (decimal 8137)
   defining Unicode char U+1FCA (decimal 8138)
   defining Unicode char U+1FCB (decimal 8139)
   defining Unicode char U+1FCC (decimal 8140)
   defining Unicode char U+1FCD (decimal 8141)
   defining Unicode char U+1FCE (decimal 8142)
   defining Unicode char U+1FCF (decimal 8143)
   defining Unicode char U+1FD0 (decimal 8144)
   defining Unicode char U+1FD1 (decimal 8145)
   defining Unicode char U+1FD2 (decimal 8146)
   defining Unicode char U+1FD3 (decimal 8147)
   defining Unicode char U+1FD6 (decimal 8150)
   defining Unicode char U+1FD7 (decimal 8151)
   defining Unicode char U+1FD8 (decimal 8152)
   defining Unicode char U+1FD9 (decimal 8153)
   defining Unicode char U+1FDA (decimal 8154)
   defining Unicode char U+1FDB (decimal 8155)
   defining Unicode char U+1FDD (decimal 8157)
   defining Unicode char U+1FDE (decimal 8158)
   defining Unicode char U+1FDF (decimal 8159)
   defining Unicode char U+1FE0 (decimal 8160)
   defining Unicode char U+1FE1 (decimal 8161)
   defining Unicode char U+1FE2 (decimal 8162)
   defining Unicode char U+1FE3 (decimal 8163)
   defining Unicode char U+1FE4 (decimal 8164)
   defining Unicode char U+1FE5 (decimal 8165)
   defining Unicode char U+1FE6 (decimal 8166)
   defining Unicode char U+1FE7 (decimal 8167)
   defining Unicode char U+1FE8 (decimal 8168)
   defining Unicode char U+1FE9 (decimal 8169)
   defining Unicode char U+1FEA (decimal 8170)
   defining Unicode char U+1FEB (decimal 8171)
   defining Unicode char U+1FEC (decimal 8172)
   defining Unicode char U+1FED (decimal 8173)
   defining Unicode char U+1FEE (decimal 8174)
   defining Unicode char U+1FEF (decimal 8175)
   defining Unicode char U+1FF2 (decimal 8178)
   defining Unicode char U+1FF3 (decimal 8179)
   defining Unicode char U+1FF4 (decimal 8180)
   defining Unicode char U+1FF6 (decimal 8182)
   defining Unicode char U+1FF7 (decimal 8183)
   defining Unicode char U+1FF8 (decimal 8184)
   defining Unicode char U+1FF9 (decimal 8185)
   defining Unicode char U+1FFA (decimal 8186)
   defining Unicode char U+1FFB (decimal 8187)
   defining Unicode char U+1FFC (decimal 8188)
   defining Unicode char U+1FFD (decimal 8189)
   defining Unicode char U+1FFE (decimal 8190)
   defining Unicode char U+2013 (decimal 8211)
   defining Unicode char U+2014 (decimal 8212)
   defining Unicode char U+2018 (decimal 8216)
   defining Unicode char U+2019 (decimal 8217)
   defining Unicode char U+201A (decimal 8218)
   defining Unicode char U+2030 (decimal 8240)
   defining Unicode char U+2039 (decimal 8249)
   defining Unicode char U+203A (decimal 8250)
   defining Unicode char U+20AC (decimal 8364)
   defining Unicode char U+2126 (decimal 8486)
   defining Unicode char U+10144 (decimal 65860)
   defining Unicode char U+10145 (decimal 65861)
   defining Unicode char U+10146 (decimal 65862)
   defining Unicode char U+10147 (decimal 65863)
)
\symLGRletters=\mathgroup9

(/usr/share/texlive/texmf-dist/tex/latex/greek-fontenc/greek-fontenc.def
File: greek-fontenc.def 2023-09-12 2.5 Common Greek font encoding definitions
)))
(/usr/share/texlive/texmf-dist/tex/latex/base/textcomp.sty
Package: textcomp 2020/02/02 v2.0n Standard LaTeX package
)
(/usr/share/texlive/texmf-dist/tex/latex/fontaxes/fontaxes.sty
Package: fontaxes 2020/07/21 v1.0e Font selection axes
LaTeX Info: Redefining \upshape on input line 29.
LaTeX Info: Redefining \itshape on input line 31.
LaTeX Info: Redefining \slshape on input line 33.
LaTeX Info: Redefining \swshape on input line 35.
LaTeX Info: Redefining \scshape on input line 37.
LaTeX Info: Redefining \sscshape on input line 39.
LaTeX Info: Redefining \ulcshape on input line 41.
LaTeX Info: Redefining \textsw on input line 47.
LaTeX Info: Redefining \textssc on input line 48.
LaTeX Info: Redefining \textulc on input line 49.
)
(/usr/share/texlive/texmf-dist/tex/latex/xkeyval/xkeyval.sty
Package: xkeyval 2022/06/16 v2.9 package option processing (HA)

(/usr/share/texlive/texmf-dist/tex/generic/xkeyval/xkeyval.tex
(/usr/share/texlive/texmf-dist/tex/generic/xkeyval/xkvutils.tex
\XKV@toks=\toks51
\XKV@tempa@toks=\toks52
)
\XKV@depth=\count322
File: xkeyval.tex 2014/12/03 v2.7a key=value parser (HA)
)))
(/usr/share/texlive/texmf-dist/tex/latex/titlesec/titlesec.sty
Package: titlesec 2023/10/27 v2.16 Sectioning titles
\ttl@box=\box72
\beforetitleunit=\skip95
\aftertitleunit=\skip96
\ttl@plus=\dimen290
\ttl@minus=\dimen291
\ttl@toksa=\toks53
\titlewidth=\dimen292
\titlewidthlast=\dimen293
\titlewidthfirst=\dimen294
)
(/usr/share/texlive/texmf-dist/tex/latex/setspace/setspace.sty
Package: setspace 2022/12/04 v6.7b set line spacing
)
(/usr/share/texlive/texmf-dist/tex/latex/geometry/geometry.sty
Package: geometry 2020/01/02 v5.9 Page Geometry

(/usr/share/texlive/texmf-dist/tex/generic/iftex/ifvtex.sty
Package: ifvtex 2019/10/25 v1.7 ifvtex legacy package. Use iftex instead.

(/usr/share/texlive/texmf-dist/tex/generic/iftex/iftex.sty
Package: iftex 2022/02/03 v1.0f TeX engine tests
))
\Gm@cnth=\count323
\Gm@cntv=\count324
\c@Gm@tempcnt=\count325
\Gm@bindingoffset=\dimen295
\Gm@wd@mp=\dimen296
\Gm@odd@mp=\dimen297
\Gm@even@mp=\dimen298
\Gm@layoutwidth=\dimen299
\Gm@layoutheight=\dimen300
\Gm@layouthoffset=\dimen301
\Gm@layoutvoffset=\dimen302
\Gm@dimlist=\toks54
)
(/usr/share/texlive/texmf-dist/tex/latex/tools/indentfirst.sty
Package: indentfirst 2023/07/02 v1.03 Indent first paragraph (DPC)
)
(/usr/share/texlive/texmf-dist/tex/latex/pdfpages/pdfpages.sty
Package: pdfpages 2024/01/21 v0.5y Insert pages of external PDF documents (AM)

(/usr/share/texlive/texmf-dist/tex/latex/eso-pic/eso-pic.sty
Package: eso-pic 2023/05/03 v3.0c eso-pic (RN)
\ESO@tempdima=\dimen303
\ESO@tempdimb=\dimen304
)
\AM@pagewidth=\dimen305
\AM@pageheight=\dimen306
\AM@fboxrule=\dimen307

(/usr/share/texlive/texmf-dist/tex/latex/pdfpages/pppdftex.def
File: pppdftex.def 2024/01/21 v0.5y Pdfpages driver for pdfTeX (AM)
)
\pdfpages@includegraphics@status=\count326
\AM@pagebox=\box73
\AM@global@opts=\toks55
\AM@pagecnt=\count327
\AM@toc@title=\toks56
\AM@lof@heading=\toks57
\c@AM@survey=\count328
\AM@templatesizebox=\box74
)
(/usr/share/texlive/texmf-dist/tex/latex/letltxmacro/letltxmacro.sty
Package: letltxmacro 2019/12/03 v1.6 Let assignment for LaTeX macros (HO)
)
(/usr/share/texlive/texmf-dist/tex/latex/threeparttable/threeparttable.sty
Package: threeparttable 2003/06/13  v 3.0
\@tempboxb=\box75
)
(/usr/share/texlive/texmf-dist/tex/latex/hyperref/hyperref.sty
Package: hyperref 2024-01-20 v7.01h Hypertext links for LaTeX

(/usr/share/texlive/texmf-dist/tex/latex/kvsetkeys/kvsetkeys.sty
Package: kvsetkeys 2022-10-05 v1.19 Key value parser (HO)
)
(/usr/share/texlive/texmf-dist/tex/generic/kvdefinekeys/kvdefinekeys.sty
Package: kvdefinekeys 2019-12-19 v1.6 Define keys (HO)
)
(/usr/share/texlive/texmf-dist/tex/generic/pdfescape/pdfescape.sty
Package: pdfescape 2019/12/09 v1.15 Implements pdfTeX's escape features (HO)

(/usr/share/texlive/texmf-dist/tex/generic/ltxcmds/ltxcmds.sty
Package: ltxcmds 2023-12-04 v1.26 LaTeX kernel commands for general use (HO)
)
(/usr/share/texlive/texmf-dist/tex/generic/pdftexcmds/pdftexcmds.sty
Package: pdftexcmds 2020-06-27 v0.33 Utility functions of pdfTeX for LuaTeX (HO
)

(/usr/share/texlive/texmf-dist/tex/generic/infwarerr/infwarerr.sty
Package: infwarerr 2019/12/03 v1.5 Providing info/warning/error messages (HO)
)
Package pdftexcmds Info: \pdf@primitive is available.
Package pdftexcmds Info: \pdf@ifprimitive is available.
Package pdftexcmds Info: \pdfdraftmode found.
))
(/usr/share/texlive/texmf-dist/tex/latex/hycolor/hycolor.sty
Package: hycolor 2020-01-27 v1.10 Color options for hyperref/bookmark (HO)
)
(/usr/share/texlive/texmf-dist/tex/latex/auxhook/auxhook.sty
Package: auxhook 2019-12-17 v1.6 Hooks for auxiliary files (HO)
)
(/usr/share/texlive/texmf-dist/tex/latex/hyperref/nameref.sty
Package: nameref 2023-11-26 v2.56 Cross-referencing by name of section

(/usr/share/texlive/texmf-dist/tex/latex/refcount/refcount.sty
Package: refcount 2019/12/15 v3.6 Data extraction from label references (HO)
)
(/usr/share/texlive/texmf-dist/tex/generic/gettitlestring/gettitlestring.sty
Package: gettitlestring 2019/12/15 v1.6 Cleanup title references (HO)

(/usr/share/texlive/texmf-dist/tex/latex/kvoptions/kvoptions.sty
Package: kvoptions 2022-06-15 v3.15 Key value format for package options (HO)
))
\c@section@level=\count329
)
(/usr/share/texlive/texmf-dist/tex/latex/etoolbox/etoolbox.sty
Package: etoolbox 2020/10/05 v2.5k e-TeX tools for LaTeX (JAW)
\etb@tempcnta=\count330
)
\@linkdim=\dimen308
\Hy@linkcounter=\count331
\Hy@pagecounter=\count332

(/usr/share/texlive/texmf-dist/tex/latex/hyperref/pd1enc.def
File: pd1enc.def 2024-01-20 v7.01h Hyperref: PDFDocEncoding definition (HO)
Now handling font encoding PD1 ...
... no UTF-8 mapping file for font encoding PD1
\symPD1letters=\mathgroup10
)
(/usr/share/texlive/texmf-dist/tex/generic/intcalc/intcalc.sty
Package: intcalc 2019/12/15 v1.3 Expandable calculations with integers (HO)
)
\Hy@SavedSpaceFactor=\count333

(/usr/share/texlive/texmf-dist/tex/latex/hyperref/puenc.def
File: puenc.def 2024-01-20 v7.01h Hyperref: PDF Unicode definition (HO)
Now handling font encoding PU ...
... no UTF-8 mapping file for font encoding PU
\symPUletters=\mathgroup11

(/usr/share/texlive/texmf-dist/tex/latex/greek-fontenc/puenc-greek.def
File: puenc-greek.def 2023-09-12 2.5 Greek LICRs for PDF strings

(/usr/share/texlive/texmf-dist/tex/latex/greek-fontenc/greek-fontenc.def
File: greek-fontenc.def 2023-09-12 2.5 Common Greek font encoding definitions
)))
Package hyperref Info: Option `unicode' set `true' on input line 3165.
Package hyperref Info: Hyper figures OFF on input line 4179.
Package hyperref Info: Link nesting OFF on input line 4184.
Package hyperref Info: Hyper index ON on input line 4187.
Package hyperref Info: Plain pages OFF on input line 4194.
Package hyperref Info: Backreferencing OFF on input line 4199.
Package hyperref Info: Implicit mode ON; LaTeX internals redefined.
Package hyperref Info: Bookmarks ON on input line 4446.
\c@Hy@tempcnt=\count334

(/usr/share/texlive/texmf-dist/tex/latex/url/url.sty
\Urlmuskip=\muskip17
Package: url 2013/09/16  ver 3.4  Verb mode for urls, etc.
)
LaTeX Info: Redefining \url on input line 4784.
\XeTeXLinkMargin=\dimen309

(/usr/share/texlive/texmf-dist/tex/generic/bitset/bitset.sty
Package: bitset 2019/12/09 v1.3 Handle bit-vector datatype (HO)

(/usr/share/texlive/texmf-dist/tex/generic/bigintcalc/bigintcalc.sty
Package: bigintcalc 2019/12/15 v1.5 Expandable calculations on big integers (HO
)
))
\Fld@menulength=\count335
\Field@Width=\dimen310
\Fld@charsize=\dimen311
Package hyperref Info: Hyper figures OFF on input line 6063.
Package hyperref Info: Link nesting OFF on input line 6068.
Package hyperref Info: Hyper index ON on input line 6071.
Package hyperref Info: backreferencing OFF on input line 6078.
Package hyperref Info: Link coloring OFF on input line 6083.
Package hyperref Info: Link coloring with OCG OFF on input line 6088.
Package hyperref Info: PDF/A mode OFF on input line 6093.

(/usr/share/texlive/texmf-dist/tex/latex/base/atbegshi-ltx.sty
Package: atbegshi-ltx 2021/01/10 v1.0c Emulation of the original atbegshi
package with kernel methods
)
\Hy@abspage=\count336
\c@Item=\count337
\c@Hfootnote=\count338
)
Package hyperref Info: Driver (autodetected): hpdftex.

(/usr/share/texlive/texmf-dist/tex/latex/hyperref/hpdftex.def
File: hpdftex.def 2024-01-20 v7.01h Hyperref driver for pdfTeX

(/usr/share/texlive/texmf-dist/tex/latex/base/atveryend-ltx.sty
Package: atveryend-ltx 2020/08/19 v1.0a Emulation of the original atveryend pac
kage
with kernel methods
)
\Fld@listcount=\count339
\c@bookmark@seq@number=\count340

(/usr/share/texlive/texmf-dist/tex/latex/rerunfilecheck/rerunfilecheck.sty
Package: rerunfilecheck 2022-07-10 v1.10 Rerun checks for auxiliary files (HO)

(/usr/share/texlive/texmf-dist/tex/generic/uniquecounter/uniquecounter.sty
Package: uniquecounter 2019/12/15 v1.4 Provide unlimited unique counter (HO)
)
Package uniquecounter Info: New unique counter `rerunfilecheck' on input line 2
85.
)
\Hy@SectionHShift=\skip97
)
(/usr/share/texlive/texmf-dist/tex/latex/base/flafter.sty
Package: flafter 2021/07/31 v1.4e Standard LaTeX floats after reference (FMi)
Applying: [2015/01/01] float order in 2-column on input line 49.
Already applied: [0000/00/00] float order in 2-column on input line 151.
)
(/usr/share/texlive/texmf-dist/tex/latex/enumitem/enumitem.sty
Package: enumitem 2019/06/20 v3.9 Customized lists
\labelindent=\skip98
\enit@outerparindent=\dimen312
\enit@toks=\toks58
\enit@inbox=\box76
\enit@count@id=\count341
\enitdp@description=\count342
)
(/usr/share/texlive/texmf-dist/tex/latex/multirow/multirow.sty
Package: multirow 2021/03/15 v2.8 Span multiple rows of a table
\multirow@colwidth=\skip99
\multirow@cntb=\count343
\multirow@dima=\skip100
\bigstrutjot=\dimen313
)
(/usr/share/texlive/texmf-dist/tex/latex/svg/svg.sty
Package: svg 2020/11/26 v2.02k (include SVG pictures)

(/usr/share/texlive/texmf-dist/tex/latex/koma-script/scrbase.sty
Package: scrbase 2023/07/07 v3.41 KOMA-Script package (KOMA-Script-independent 
basics and keyval usage)

(/usr/share/texlive/texmf-dist/tex/latex/koma-script/scrlfile.sty
Package: scrlfile 2023/07/07 v3.41 KOMA-Script package (file load hooks)

(/usr/share/texlive/texmf-dist/tex/latex/koma-script/scrlfile-hook.sty
Package: scrlfile-hook 2023/07/07 v3.41 KOMA-Script package (using LaTeX hooks)


(/usr/share/texlive/texmf-dist/tex/latex/koma-script/scrlogo.sty
Package: scrlogo 2023/07/07 v3.41 KOMA-Script package (logo)
)))
Applying: [2021/05/01] Usage of raw or classic option list on input line 252.
Already applied: [0000/00/00] Usage of raw or classic option list on input line
 368.
)
(/usr/share/texlive/texmf-dist/tex/latex/trimspaces/trimspaces.sty
Package: trimspaces 2009/09/17 v1.1 Trim spaces around a token list
)
(/usr/share/texlive/texmf-dist/tex/latex/tools/shellesc.sty
Package: shellesc 2023/07/08 v1.0d unified shell escape interface for LaTeX
Package shellesc Info: Restricted shell escape enabled on input line 77.
)
\c@svg@param@lastpage=\count344
\svg@box=\box77
\c@svg@param@currpage=\count345
)
(/usr/share/texlive/texmf-dist/tex/latex/transparent/transparent.sty
Package: transparent 2022-10-27 v1.5 Transparency with color stacks

(/usr/share/texlive/texmf-dist/tex/latex/transparent/transparent-nometadata.sty
Package: transparent-nometadata 2022-10-27 v1.5 Transparency via pdfTeX's color
 stack (HO)
)) (/usr/share/texlive/texmf-dist/tex/latex/makecell/makecell.sty
Package: makecell 2009/08/03 V0.1e Managing of Tab Column Heads and Cells
\rotheadsize=\dimen314
\c@nlinenum=\count346
\TeXr@lab=\toks59
)
(/usr/share/texlive/texmf-dist/tex/latex/tools/longtable.sty
Package: longtable 2023-11-01 v4.19 Multi-page Table package (DPC)
\LTleft=\skip101
\LTright=\skip102
\LTpre=\skip103
\LTpost=\skip104
\LTchunksize=\count347
\LTcapwidth=\dimen315
\LT@head=\box78
\LT@firsthead=\box79
\LT@foot=\box80
\LT@lastfoot=\box81
\LT@gbox=\box82
\LT@cols=\count348
\LT@rows=\count349
\c@LT@tables=\count350
\c@LT@chunks=\count351
\LT@p@ftn=\toks60
)
(/usr/share/texlive/texmf-dist/tex/latex/csvsimple/csvsimple.sty
Package: csvsimple 2024/01/19 v2.6.0 LaTeX CSV file processing
)
(/usr/share/texlive/texmf-dist/tex/latex/csvsimple/csvsimple-legacy.sty
Package: csvsimple-legacy 2024/01/19 version 2.6.0 LaTeX2e CSV file processing
\csv@file=\read4
\c@csvinputline=\count352
\c@csvrow=\count353
\c@csvcol=\count354
\csv@out=\write4
)
(/usr/share/texlive/texmf-dist/tex/generic/pgf/libraries/pgflibraryarrows.meta.
code.tex
File: pgflibraryarrows.meta.code.tex 2023-01-15 v3.1.10 (3.1.10)
\pgfarrowinset=\dimen316
\pgfarrowlength=\dimen317
\pgfarrowwidth=\dimen318
\pgfarrowlinewidth=\dimen319
) (/usr/share/texlive/texmf-dist/tex/latex/xassoccnt/xassoccnt.sty
Package: xassoccnt 2021/11/21 - v2.0

(/usr/share/texlive/texmf-dist/tex/latex/l3packages/xparse/xparse.sty
(/usr/share/texlive/texmf-dist/tex/latex/l3kernel/expl3.sty
Package: expl3 2024-01-22 L3 programming layer (loader) 

(/usr/share/texlive/texmf-dist/tex/latex/l3backend/l3backend-pdftex.def
File: l3backend-pdftex.def 2024-01-04 L3 backend support: PDF output (pdfTeX)
\l__color_backend_stack_int=\count355
\l__pdf_internal_box=\box83
))
Package: xparse 2023-10-10 L3 Experimental document command parser
)
(/usr/share/texlive/texmf-dist/tex/latex/l3packages/l3keys2e/l3keys2e.sty
Package: l3keys2e 2023-10-10 LaTeX2e option processing using LaTeX3 keys
)
\g__xassoccnt_tmpa_int=\count356
\l__xassoccnt_tmpa_int=\count357
\l__xassoccnt_initialcountervalue_int=\count358
\g__xassoccnt_lastcountervalue_int=\count359
\g__xassoccnt_backupcalls_int=\count360
\l__xassoccnt_backuptmpa_int=\count361
\l_xassoccnt_resetlist_counter=\count362
)
Package xassoccnt Info: 2021/11/21-v2.0--steppingcounterssimultaneouslyandother
features on input line 43.


Package xassoccnt Warning: Warning: Package "calc" is loaded -- this is not
(xassoccnt)                recommended for xassoccnt
(xassoccnt)                

\c@TotalFigures=\count363
\c@xassoccnt@total@TotalFigures=\count364
\c@TotalTables=\count365
\c@xassoccnt@total@TotalTables=\count366
(/usr/share/texlive/texmf-dist/tex/latex/totalcount/totalcount.sty
Package: totalcount 2018/01/21 v1.0a Total values of counters (AR)
\c@totalcount@figure=\count367
\c@totalcount@table=\count368
)
(/usr/share/texlive/texmf-dist/tex/latex/lastpage/lastpage.sty
Package: lastpage 2023/10/14 v2.0e lastpage: 2.09 or 2e? (HMM)

(/usr/share/texlive/texmf-dist/tex/latex/lastpage/lastpage2e.sty
Package: lastpage2e 2023/10/14 v2.0e Decide which 2e lastpage version to use (H
MM)

(/usr/share/texlive/texmf-dist/tex/latex/lastpage/lastpagemodern.sty
Package: lastpagemodern 2023-10-14 v2.0e Refers to last page's name (HMM; JPG)
\c@lastpagecount=\count369
) 
)) (/usr/share/texlive/texmf-dist/tex/latex/listings/lstlang1.sty
File: lstlang1.sty 2023/02/27 1.9 listings language file
)
(/usr/share/texlive/texmf-dist/tex/latex/listings/lstlang2.sty
File: lstlang2.sty 2023/02/27 1.9 listings language file
)
(/usr/share/texlive/texmf-dist/tex/latex/listings/lstmisc.sty
File: lstmisc.sty 2023/02/27 1.9 (Carsten Heinz)
))
LaTeX Font Info:    Trying to load font information for T1+Tempora-TLF on input
 line 3.

(/usr/share/texlive/texmf-dist/tex/latex/tempora/T1Tempora-TLF.fd
File: T1Tempora-TLF.fd 2016/02/02 (autoinst) Font definitions for T1/Tempora-TL
F.
)
LaTeX Font Info:    Font shape `T1/Tempora-TLF/m/n' will be
(Font)              scaled to size 12.0pt on input line 3.

(./report.aux
LaTeX Font Info:    Trying to load font information for T2A+Tempora-TLF on inpu
t line 9.

(/usr/share/texlive/texmf-dist/tex/latex/tempora/t2atempora-tlf.fd
File: t2atempora-tlf.fd 2015/09/13 Font definitions for T2A/Tempora-TLF.
)
LaTeX Font Info:    Font shape `T2A/Tempora-TLF/m/n' will be
(Font)              scaled to size 12.0pt on input line 9.


LaTeX Warning: Label `pic:p1' multiply defined.


LaTeX Warning: Label `pic:p1' multiply defined.


LaTeX Warning: Label `pic:p1' multiply defined.


LaTeX Warning: Label `code:p3_write' multiply defined.

)
\openout1 = `report.aux'.

LaTeX Font Info:    Checking defaults for OML/cmm/m/it on input line 3.
LaTeX Font Info:    ... okay on input line 3.
LaTeX Font Info:    Checking defaults for OMS/cmsy/m/n on input line 3.
LaTeX Font Info:    ... okay on input line 3.
LaTeX Font Info:    Checking defaults for OT1/cmr/m/n on input line 3.
LaTeX Font Info:    ... okay on input line 3.
LaTeX Font Info:    Checking defaults for T1/cmr/m/n on input line 3.
LaTeX Font Info:    ... okay on input line 3.
LaTeX Font Info:    Checking defaults for TS1/cmr/m/n on input line 3.
LaTeX Font Info:    ... okay on input line 3.
LaTeX Font Info:    Checking defaults for OMX/cmex/m/n on input line 3.
LaTeX Font Info:    ... okay on input line 3.
LaTeX Font Info:    Checking defaults for U/cmr/m/n on input line 3.
LaTeX Font Info:    ... okay on input line 3.
LaTeX Font Info:    Checking defaults for T2A/cmr/m/n on input line 3.
LaTeX Font Info:    ... okay on input line 3.
LaTeX Font Info:    Checking defaults for OT2/cmr/m/n on input line 3.
LaTeX Font Info:    Trying to load font information for OT2+cmr on input line 3
.
 (/usr/share/texlive/texmf-dist/tex/latex/cyrillic/ot2cmr.fd
File: ot2cmr.fd 2001/08/11 v3.2c Computer Modern Cyrillic font definitions
)
LaTeX Font Info:    ... okay on input line 3.
LaTeX Font Info:    Checking defaults for T2C/cmr/m/n on input line 3.
LaTeX Font Info:    Trying to load font information for T2C+cmr on input line 3
.

(/usr/share/texlive/texmf-dist/tex/latex/cyrillic/t2ccmr.fd
File: t2ccmr.fd 2001/08/11 v1.0a Computer Modern Cyrillic font definitions
)
LaTeX Font Info:    ... okay on input line 3.
LaTeX Font Info:    Checking defaults for T2B/cmr/m/n on input line 3.
LaTeX Font Info:    Trying to load font information for T2B+cmr on input line 3
.

(/usr/share/texlive/texmf-dist/tex/latex/cyrillic/t2bcmr.fd
File: t2bcmr.fd 2001/08/11 v1.0a Computer Modern Cyrillic font definitions
)
LaTeX Font Info:    ... okay on input line 3.
LaTeX Font Info:    Checking defaults for LGR/cmr/m/n on input line 3.
LaTeX Font Info:    Trying to load font information for LGR+cmr on input line 3
.

(/usr/share/texlive/texmf-dist/tex/latex/cbfonts-fd/lgrcmr.fd
File: lgrcmr.fd 2017/07/29 v1.2 Greek European Computer Regular
)
LaTeX Font Info:    ... okay on input line 3.
LaTeX Font Info:    Checking defaults for PD1/pdf/m/n on input line 3.
LaTeX Font Info:    ... okay on input line 3.
LaTeX Font Info:    Checking defaults for PU/pdf/m/n on input line 3.
LaTeX Font Info:    ... okay on input line 3.

(/usr/share/texlive/texmf-dist/tex/context/base/mkii/supp-pdf.mkii
[Loading MPS to PDF converter (version 2006.09.02).]
\scratchcounter=\count370
\scratchdimen=\dimen320
\scratchbox=\box84
\nofMPsegments=\count371
\nofMParguments=\count372
\everyMPshowfont=\toks61
\MPscratchCnt=\count373
\MPscratchDim=\dimen321
\MPnumerator=\count374
\makeMPintoPDFobject=\count375
\everyMPtoPDFconversion=\toks62
) (/usr/share/texlive/texmf-dist/tex/latex/epstopdf-pkg/epstopdf-base.sty
Package: epstopdf-base 2020-01-24 v2.11 Base part for package epstopdf
Package epstopdf-base Info: Redefining graphics rule for `.eps' on input line 4
85.

(/usr/share/texlive/texmf-dist/tex/latex/latexconfig/epstopdf-sys.cfg
File: epstopdf-sys.cfg 2010/07/13 v1.3 Configuration of (r)epstopdf for TeX Liv
e
))
LaTeX Info: Redefining \th on input line 3.

Package pgfplots notification 'compat/show suggested version=true': document ha
s been generated with the most recent feature set (\pgfplotsset{compat=1.18}).

\c@lstlisting=\count376
Package caption Info: Begin \AtBeginDocument code.
Package caption Info: hyperref package is loaded.
Package caption Info: longtable package is loaded.
(/usr/share/texlive/texmf-dist/tex/latex/caption/ltcaption.sty
Package: ltcaption 2021/01/08 v1.4c longtable captions (AR)
)
Package caption Info: threeparttable package is loaded.
Package caption Info: End \AtBeginDocument code.
\c@mv@tabular=\count377
\c@mv@boldtabular=\count378

*geometry* driver: auto-detecting
*geometry* detected driver: pdftex
*geometry* verbose mode - [ preamble ] result:
* driver: pdftex
* paper: a4paper
* layout: <same size as paper>
* layoutoffset:(h,v)=(0.0pt,0.0pt)
* modes: 
* h-part:(L,W,R)=(85.35826pt, 483.69687pt, 28.45274pt)
* v-part:(T,H,B)=(56.9055pt, 731.23584pt, 56.9055pt)
* \paperwidth=597.50787pt
* \paperheight=845.04684pt
* \textwidth=483.69687pt
* \textheight=731.23584pt
* \oddsidemargin=13.08827pt
* \evensidemargin=13.08827pt
* \topmargin=-52.36449pt
* \headheight=12.0pt
* \headsep=25.0pt
* \topskip=12.0pt
* \footskip=30.0pt
* \marginparwidth=35.0pt
* \marginparsep=10.0pt
* \columnsep=10.0pt
* \skip\footins=10.8pt plus 4.0pt minus 2.0pt
* \hoffset=0.0pt
* \voffset=0.0pt
* \mag=1000
* \@twocolumnfalse
* \@twosidefalse
* \@mparswitchfalse
* \@reversemarginfalse
* (1in=72.27pt=25.4mm, 1cm=28.453pt)

(/usr/share/texlive/texmf-dist/tex/latex/pdflscape/pdflscape.sty
Package: pdflscape 2022-10-27 v0.13 Display of landscape pages in PDF

(/usr/share/texlive/texmf-dist/tex/latex/pdflscape/pdflscape-nometadata.sty
Package: pdflscape-nometadata 2022-10-28 v0.13 Display of landscape pages in PD
F (HO)

(/usr/share/texlive/texmf-dist/tex/latex/graphics/lscape.sty
Package: lscape 2020/05/28 v3.02 Landscape Pages (DPC)
)
Package pdflscape Info: Auto-detected driver: pdftex on input line 81.
))
Package hyperref Info: Link coloring OFF on input line 3.
 (./report.out)
(./report.out)
\@outlinefile=\write5
\openout5 = `report.out'.

<images/b_logo.png, id=139, 1741.50626pt x 2055.68pt>
File: images/b_logo.png Graphic file (type png)
<use images/b_logo.png>
Package pdftex.def Info: images/b_logo.png  used on input line 7.
(pdftex.def)             Requested size: 72.55157pt x 85.6322pt.
LaTeX Font Info:    Trying to load font information for U+msa on input line 8.
 (/usr/share/texlive/texmf-dist/tex/latex/amsfonts/umsa.fd
File: umsa.fd 2013/01/14 v3.01 AMS symbols A
)
LaTeX Font Info:    Trying to load font information for U+msb on input line 8.

(/usr/share/texlive/texmf-dist/tex/latex/amsfonts/umsb.fd
File: umsb.fd 2013/01/14 v3.01 AMS symbols B
)

LaTeX Font Warning: Font shape `OT2/cmr/m/up' undefined
(Font)              using `OT2/cmr/m/n' instead on input line 8.


LaTeX Font Warning: Font shape `T2C/cmr/m/up' undefined
(Font)              using `T2C/cmr/m/n' instead on input line 8.


LaTeX Font Warning: Font shape `T2B/cmr/m/up' undefined
(Font)              using `T2B/cmr/m/n' instead on input line 8.


LaTeX Font Warning: Font shape `LGR/cmr/m/up' undefined
(Font)              using `LGR/cmr/m/n' instead on input line 8.

LaTeX Font Info:    Trying to load font information for PD1+Tempora-TLF on inpu
t line 8.
LaTeX Font Info:    No file PD1Tempora-TLF.fd. on input line 8.

LaTeX Font Warning: Font shape `PD1/Tempora-TLF/m/up' undefined
(Font)              using `PD1/pdf/m/n' instead on input line 8.

LaTeX Font Info:    Trying to load font information for PU+Tempora-TLF on input
 line 8.
LaTeX Font Info:    No file PUTempora-TLF.fd. on input line 8.

LaTeX Font Warning: Font shape `PU/Tempora-TLF/m/up' undefined
(Font)              using `PU/pdf/m/n' instead on input line 8.

LaTeX Font Info:    Font shape `T2A/Tempora-TLF/b/n' will be
(Font)              scaled to size 12.0pt on input line 10.

Overfull \hbox (1.79999pt too wide) in paragraph at lines 6--16
$[]$ $[]$ 
 []

LaTeX Font Info:    Font shape `T2A/Tempora-TLF/m/n' will be
(Font)              scaled to size 8.0pt on input line 19.
LaTeX Font Info:    Font shape `T2A/Tempora-TLF/m/n' will be
(Font)              scaled to size 6.0pt on input line 19.

Underfull \hbox (badness 10000) in paragraph at lines 17--21

 []


Underfull \hbox (badness 10000) in paragraph at lines 17--21

 []

LaTeX Font Info:    Font shape `T2A/Tempora-TLF/m/n' will be
(Font)              scaled to size 20.0pt on input line 26.
LaTeX Font Info:    Font shape `T2A/Tempora-TLF/b/n' will be
(Font)              scaled to size 20.0pt on input line 26.

Overfull \hbox (145.11053pt too wide) in paragraph at lines 25--29
 []$ 
 []


Underfull \hbox (badness 10000) in paragraph at lines 31--35

 []


Underfull \hbox (badness 10000) in paragraph at lines 31--35

 []


Underfull \hbox (badness 10000) in paragraph at lines 31--35

 []


Underfull \hbox (badness 10000) in paragraph at lines 31--35

 []

[1

{/var/lib/texmf/fonts/map/pdftex/updmap/pdftex.map}{/usr/share/texlive/texmf-di
st/fonts/enc/dvips/tempora/t2a-tempora.enc} <./images/b_logo.png>]
{\cyrillictext \CYRG \cyrl \cyra \cyrv \cyra } 1.
LaTeX Font Info:    Font shape `T2A/Tempora-TLF/m/n' will be
(Font)              scaled to size 16.0pt on input line 41.
LaTeX Font Info:    Font shape `T2A/Tempora-TLF/b/n' will be
(Font)              scaled to size 16.0pt on input line 41.
Package hyperref Info: bookmark level for unknown lstlisting defaults to 0 on i
nput line 45.
LaTeX Font Info:    Font shape `T2A/Tempora-TLF/m/n' will be
(Font)              scaled to size 10.95pt on input line 45.
LaTeX Font Info:    Trying to load font information for T2A+cmtt on input line 
45.
(/usr/share/texlive/texmf-dist/tex/latex/cyrillic/t2acmtt.fd
File: t2acmtt.fd 2001/08/11 v1.0a Computer Modern Cyrillic font definitions
)
LaTeX Font Info:    Font shape `T2A/cmtt/bx/n' in size <10.95> not available
(Font)              Font shape `T2A/cmtt/m/n' tried instead on input line 46.
 [2


{/usr/share/texmf/fonts/enc/dvips/cm-super/cm-super-t2a.enc}] [3] [4]
{\cyrillictext \CYRG \cyrl \cyra \cyrv \cyra } 2.
<images/p1.png, id=250, 1722.435pt x 145.54375pt>
File: images/p1.png Graphic file (type png)
<use images/p1.png>
Package pdftex.def Info: images/p1.png  used on input line 182.
(pdftex.def)             Requested size: 483.69687pt x 40.87189pt.
[5

]
<images/1.pdf, id=290, 1196.55026pt x 627.30356pt>
File: images/1.pdf Graphic file (type pdf)
<use images/1.pdf>
Package pdftex.def Info: images/1.pdf  used on input line 207.
(pdftex.def)             Requested size: 483.69687pt x 253.57796pt.
 [6 <./images/p1.png>] [7 <./images/1.pdf>]
{\cyrillictext \CYRG \cyrl \cyra \cyrv \cyra } 3.
<images/p2_read_1thread.png, id=313, 1722.435pt x 145.54375pt>
File: images/p2_read_1thread.png Graphic file (type png)
<use images/p2_read_1thread.png>
Package pdftex.def Info: images/p2_read_1thread.png  used on input line 251.
(pdftex.def)             Requested size: 483.69687pt x 40.87189pt.
[8

] [9 <./images/p2_read_1thread.png>]
<images/p2_read_2thread_join.png, id=361, 1749.53625pt x 453.695pt>
File: images/p2_read_2thread_join.png Graphic file (type png)
<use images/p2_read_2thread_join.png>
Package pdftex.def Info: images/p2_read_2thread_join.png  used on input line 32
2.
(pdftex.def)             Requested size: 483.69687pt x 125.42763pt.
 [10] [11 <./images/p2_read_2thread_join.png>]
<images/p2_read_3thread_join.png, id=418, 1749.53625pt x 419.5675pt>
File: images/p2_read_3thread_join.png Graphic file (type png)
<use images/p2_read_3thread_join.png>
Package pdftex.def Info: images/p2_read_3thread_join.png  used on input line 39
1.
(pdftex.def)             Requested size: 483.69687pt x 115.99281pt.
 [12]
<images/2.pdf, id=458, 1045.0242pt x 695.7192pt>
File: images/2.pdf Graphic file (type pdf)
<use images/2.pdf>
Package pdftex.def Info: images/2.pdf  used on input line 408.
(pdftex.def)             Requested size: 483.69687pt x 322.01987pt.
 [13 <./images/p2_read_3thread_join.png>] [14 <./images/2.pdf>]
{\cyrillictext \CYRG \cyrl \cyra \cyrv \cyra } 4.
<images/p3_write.png, id=481, 1555.8125pt x 1382.16376pt>
File: images/p3_write.png Graphic file (type png)
<use images/p3_write.png>
Package pdftex.def Info: images/p3_write.png  used on input line 454.
(pdftex.def)             Requested size: 483.69687pt x 429.71065pt.
[15

] [16 <./images/p3_write.png>]

LaTeX Warning: Reference `pic:scheme_2' on page 17 undefined on input line 473.


[17]
<images/p3_fprintf.png, id=550, 1482.53876pt x 274.02374pt>
File: images/p3_fprintf.png Graphic file (type png)
<use images/p3_fprintf.png>
Package pdftex.def Info: images/p3_fprintf.png  used on input line 514.
(pdftex.def)             Requested size: 483.69687pt x 89.4037pt.
 [18 <./images/p3_fprintf.png>]
<images/3.pdf, id=563, 1286.88776pt x 659.5842pt>
File: images/3.pdf Graphic file (type pdf)
<use images/3.pdf>
Package pdftex.def Info: images/3.pdf  used on input line 539.
(pdftex.def)             Requested size: 483.69687pt x 247.90707pt.


Package caption Warning: Unused \captionsetup[table] on input line 110.
See the caption package documentation for explanation.

[19 <./images/3.pdf>] 
enddocument/afterlastpage: lastpage setting LastPage.
(./report.aux)
 ***********
LaTeX2e <2023-11-01> patch level 1
L3 programming layer <2024-01-22>
 ***********


LaTeX Font Warning: Some font shapes were not available, defaults substituted.


LaTeX Warning: There were undefined references.


LaTeX Warning: There were multiply-defined labels.


Package rerunfilecheck Warning: File `report.out' has changed.
(rerunfilecheck)                Rerun to get outlines right
(rerunfilecheck)                or use package `bookmark'.

Package rerunfilecheck Info: Checksums for `report.out':
(rerunfilecheck)             Before: 4A207B95EA7932378DD161283DD3D52B;7612
(rerunfilecheck)             After:  6C85C312E2F6151E2D7B2ED4A337C173;7804.
 ) 
Here is how much of TeX's memory you used:
 46917 strings out of 474222
 1019586 string characters out of 5748733
 2192975 words of memory out of 5000000
 68030 multiletter control sequences out of 15000+600000
 596464 words of font info for 82 fonts, out of 8000000 for 9000
 1141 hyphenation exceptions out of 8191
 104i,6n,104p,777b,2171s stack positions out of 10000i,1000n,20000p,200000b,200000s
</usr/share/texlive/texmf-dist/fonts/type1/public/tempora/Tempora-Bold.pfb></
usr/share/texlive/texmf-dist/fonts/type1/public/tempora/Tempora-Regular.pfb></u
sr/share/texmf/fonts/type1/public/cm-super/sftt1095.pfb>
Output written on report.pdf (19 pages, 2189375 bytes).
PDF statistics:
 674 PDF objects out of 1000 (max. 8388607)
 617 compressed objects within 7 object streams
 359 named destinations out of 1000 (max. 500000)
 327 words of extra memory for PDF output out of 10000 (max. 10000000)

